genome	MOBC.n_genes	MOBF.n_genes	MOBH.n_genes	MOBP1.n_genes	virb4.n_genes	MPF_F.n_genes	MPF_I.n_genes	MPF_T.n_genes	MOBQ.n_genes	MPF_G.n_genes	MOBV.n_genes	MOBC.n_distinct_genes	MOBF.n_distinct_genes	MOBH.n_distinct_genes	MOBP1.n_distinct_genes	virb4.n_distinct_genes	MPF_F.n_distinct_genes	MPF_I.n_distinct_genes	MPF_T.n_distinct_genes	MOBQ.n_distinct_genes	MPF_G.n_distinct_genes	MOBV.n_distinct_genes
SAMN02442768	1	1	1	1	5	27	15	10	NA	NA	NA	1	1	1	1	1	12	15	6	NA	NA	NA
SAMN02442769	1	1	1	1	4	27	15	10	NA	NA	NA	1	1	1	1	1	12	15	6	NA	NA	NA
SAMN02442771	NA	1	1	1	2	27	15	NA	NA	NA	NA	NA	1	1	1	1	12	15	NA	NA	NA	NA
SAMN02442772	NA	1	1	1	2	27	15	NA	NA	NA	NA	NA	1	1	1	1	12	15	NA	NA	NA	NA
SAMN02442773	NA	1	NA	NA	1	10	NA	1	NA	NA	NA	NA	1	NA	NA	1	10	NA	1	NA	NA	NA
SAMN02442775	NA	1	NA	NA	1	10	NA	1	NA	NA	NA	NA	1	NA	NA	1	10	NA	1	NA	NA	NA
SAMN02442780	NA	1	NA	1	1	11	15	NA	NA	NA	NA	NA	1	NA	1	1	10	15	NA	NA	NA	NA
SAMN02442781	NA	1	NA	1	1	11	15	NA	NA	NA	NA	NA	1	NA	1	1	10	15	NA	NA	NA	NA
SAMN02442783	NA	1	NA	1	1	11	15	NA	NA	NA	NA	NA	1	NA	1	1	10	15	NA	NA	NA	NA
SAMN02442784	NA	1	NA	1	1	11	15	NA	NA	NA	NA	NA	1	NA	1	1	10	15	NA	NA	NA	NA
SAMN02442786	NA	1	NA	2	1	11	15	NA	NA	NA	NA	NA	1	NA	1	1	10	15	NA	NA	NA	NA
SAMN02442788	NA	1	NA	1	1	11	15	NA	NA	NA	NA	NA	1	NA	1	1	10	15	NA	NA	NA	NA
SAMN02442789	NA	1	1	1	1	10	NA	NA	NA	NA	NA	NA	1	1	1	1	10	NA	NA	NA	NA	NA
SAMN02442791	NA	1	NA	1	2	10	15	5	1	NA	NA	NA	1	NA	1	1	10	15	5	1	NA	NA
SAMN02442792	NA	1	1	2	2	21	15	NA	NA	NA	NA	NA	1	1	1	1	12	15	NA	NA	NA	NA
SAMN02442795	NA	1	NA	2	1	10	15	NA	NA	NA	NA	NA	1	NA	1	1	10	15	NA	NA	NA	NA
SAMN02442796	NA	1	NA	1	1	11	15	NA	NA	NA	NA	NA	1	NA	1	1	10	15	NA	NA	NA	NA
SAMN02442797	NA	NA	NA	1	NA	1	NA	1	NA	NA	NA	NA	NA	NA	1	NA	1	NA	1	NA	NA	NA
SAMN02442800	NA	1	NA	2	2	11	NA	7	NA	NA	NA	NA	1	NA	1	1	10	NA	6	NA	NA	NA
SAMN02442801	NA	1	NA	2	2	11	NA	7	NA	NA	NA	NA	1	NA	1	1	10	NA	6	NA	NA	NA
SAMN02442806	NA	1	NA	2	2	11	NA	7	NA	NA	NA	NA	1	NA	1	1	10	NA	6	NA	NA	NA
SAMN02442807	NA	2	1	NA	3	30	NA	NA	NA	NA	NA	NA	1	1	NA	1	12	NA	NA	NA	NA	NA
SAMN02442808	NA	1	NA	2	1	10	NA	NA	NA	NA	NA	NA	1	NA	1	1	10	NA	NA	NA	NA	NA
SAMN02442809	NA	2	1	NA	3	30	NA	NA	NA	NA	NA	NA	1	1	NA	1	12	NA	NA	NA	NA	NA
SAMN02442810	NA	1	NA	1	1	11	NA	3	NA	NA	NA	NA	1	NA	1	1	11	NA	2	NA	NA	NA
SAMN02442811	NA	3	NA	NA	3	20	NA	NA	NA	NA	NA	NA	1	NA	NA	1	11	NA	NA	NA	NA	NA
SAMN02442812	NA	1	NA	1	1	11	NA	1	NA	NA	NA	NA	1	NA	1	1	10	NA	1	NA	NA	NA
SAMN02442813	NA	1	NA	3	4	13	15	14	NA	NA	NA	NA	1	NA	1	1	11	15	7	NA	NA	NA
SAMN02442816	NA	1	NA	1	1	10	NA	NA	NA	NA	NA	NA	1	NA	1	1	10	NA	NA	NA	NA	NA
SAMN02442824	NA	1	NA	1	1	12	15	NA	NA	NA	NA	NA	1	NA	1	1	10	15	NA	NA	NA	NA
SAMN02442826	NA	1	NA	3	1	11	15	3	NA	NA	NA	NA	1	NA	1	1	10	15	3	NA	NA	NA
SAMN02442827	NA	1	NA	3	1	11	15	3	NA	NA	NA	NA	1	NA	1	1	10	15	3	NA	NA	NA
SAMN02442830	NA	1	NA	NA	1	11	NA	NA	NA	NA	NA	NA	1	NA	NA	1	10	NA	NA	NA	NA	NA
SAMN02442835	NA	1	NA	NA	1	10	NA	1	NA	NA	NA	NA	1	NA	NA	1	10	NA	1	NA	NA	NA
SAMN02442836	1	NA	1	1	1	3	NA	4	NA	NA	NA	1	NA	1	1	1	3	NA	3	NA	NA	NA
SAMN02442837	NA	NA	NA	1	1	NA	NA	6	NA	NA	NA	NA	NA	NA	1	1	NA	NA	6	NA	NA	NA
SAMN02442840	NA	1	NA	NA	2	10	NA	1	NA	NA	NA	NA	1	NA	NA	1	10	NA	1	NA	NA	NA
SAMN02442841	NA	1	NA	1	1	10	NA	NA	NA	NA	NA	NA	1	NA	1	1	10	NA	NA	NA	NA	NA
SAMN02442843	NA	NA	NA	NA	1	NA	NA	6	NA	NA	NA	NA	NA	NA	NA	1	NA	NA	6	NA	NA	NA
SAMN02442844	NA	1	NA	NA	2	11	NA	6	NA	NA	NA	NA	1	NA	NA	1	10	NA	6	NA	NA	NA
SAMN02442846	NA	NA	NA	1	1	NA	NA	6	NA	NA	NA	NA	NA	NA	1	1	NA	NA	6	NA	NA	NA
SAMN02442847	NA	NA	NA	1	1	NA	NA	6	NA	NA	NA	NA	NA	NA	1	1	NA	NA	6	NA	NA	NA
SAMN02442848	NA	1	NA	1	1	11	15	1	NA	NA	NA	NA	1	NA	1	1	10	15	1	NA	NA	NA
SAMN02442850	NA	1	NA	2	2	12	NA	6	1	NA	NA	NA	1	NA	1	1	10	NA	6	1	NA	NA
SAMN02442851	NA	1	NA	1	2	12	NA	7	1	NA	NA	NA	1	NA	1	1	10	NA	6	1	NA	NA
SAMN02442852	NA	1	NA	2	3	12	15	12	NA	NA	NA	NA	1	NA	1	1	10	15	8	NA	NA	NA
SAMN02442854	NA	NA	NA	NA	NA	1	NA	NA	NA	NA	NA	NA	NA	NA	NA	NA	1	NA	NA	NA	NA	NA
SAMN02442858	NA	1	NA	NA	NA	6	NA	1	NA	NA	NA	NA	1	NA	NA	NA	5	NA	1	NA	NA	NA
SAMN02442860	NA	1	NA	1	2	11	15	7	NA	NA	NA	NA	1	NA	1	1	10	15	7	NA	NA	NA
SAMN02442863	NA	NA	NA	1	1	NA	15	5	NA	NA	NA	NA	NA	NA	1	1	NA	15	5	NA	NA	NA
SAMN02442865	NA	1	1	NA	3	21	NA	8	NA	NA	NA	NA	1	1	NA	1	11	NA	7	NA	NA	NA
SAMN02442866	NA	1	NA	1	1	1	15	5	NA	NA	NA	NA	1	NA	1	1	1	15	5	NA	NA	NA
SAMN02442867	NA	1	NA	1	1	12	11	NA	NA	NA	NA	NA	1	NA	1	1	10	11	NA	NA	NA	NA
SAMN02628536	NA	NA	NA	NA	NA	4	NA	NA	NA	NA	NA	NA	NA	NA	NA	NA	4	NA	NA	NA	NA	NA
SAMN02628537	NA	1	NA	2	2	16	16	2	NA	18	NA	NA	1	NA	1	1	10	14	2	NA	18	NA
SAMN02628542	NA	NA	NA	3	NA	4	15	NA	NA	NA	NA	NA	NA	NA	1	NA	3	15	NA	NA	NA	NA
SAMN02628543	NA	1	NA	NA	1	13	NA	NA	NA	NA	NA	NA	1	NA	NA	1	10	NA	NA	NA	NA	NA
SAMN02628545	NA	1	NA	2	2	11	16	2	NA	19	NA	NA	1	NA	1	1	10	15	2	NA	18	NA
SAMN02628546	NA	3	NA	NA	2	23	NA	NA	NA	NA	NA	NA	1	NA	NA	1	10	NA	NA	NA	NA	NA
SAMN02628548	NA	1	NA	2	1	11	NA	1	NA	3	NA	NA	1	NA	1	1	10	NA	1	NA	2	NA
SAMN02628551	NA	1	NA	NA	1	13	NA	NA	NA	NA	NA	NA	1	NA	NA	1	10	NA	NA	NA	NA	NA
SAMN02628553	1	2	NA	2	2	13	15	5	NA	NA	NA	1	1	NA	1	1	10	15	4	NA	NA	NA
SAMN02628554	NA	1	NA	1	1	11	15	NA	NA	NA	NA	NA	1	NA	1	1	10	15	NA	NA	NA	NA
SAMN02628555	NA	1	1	1	2	21	15	NA	NA	NA	NA	NA	1	1	1	1	12	15	NA	NA	NA	NA
SAMN02628556	NA	2	1	NA	4	29	NA	NA	NA	NA	NA	NA	1	1	NA	1	12	NA	NA	NA	NA	NA
SAMN02628557	NA	2	NA	NA	3	22	NA	NA	NA	NA	NA	NA	1	NA	NA	1	10	NA	NA	NA	NA	NA
SAMN02628558	NA	1	NA	1	1	11	NA	NA	NA	NA	NA	NA	1	NA	1	1	10	NA	NA	NA	NA	NA
SAMN02628559	NA	3	NA	1	3	23	15	NA	NA	NA	NA	NA	1	NA	1	1	11	15	NA	NA	NA	NA
SAMN02628560	NA	NA	NA	1	1	NA	NA	6	NA	NA	NA	NA	NA	NA	1	1	NA	NA	6	NA	NA	NA
SAMN02628562	NA	1	NA	1	1	12	15	NA	NA	NA	NA	NA	1	NA	1	1	10	15	NA	NA	NA	NA
SAMN02628565	NA	NA	NA	1	NA	3	15	1	NA	NA	NA	NA	NA	NA	1	NA	3	15	1	NA	NA	NA
SAMN02628569	NA	3	NA	NA	NA	15	NA	1	NA	NA	NA	NA	1	NA	NA	NA	10	NA	1	NA	NA	NA
SAMN02628573	NA	2	NA	2	2	19	15	NA	NA	NA	NA	NA	1	NA	1	1	10	15	NA	NA	NA	NA
SAMN02628574	1	1	NA	NA	2	10	NA	4	NA	NA	NA	1	1	NA	NA	1	10	NA	4	NA	NA	NA
SAMN02628576	NA	1	NA	NA	1	10	NA	NA	NA	NA	NA	NA	1	NA	NA	1	10	NA	NA	NA	NA	NA
SAMN02628578	NA	1	NA	NA	1	10	NA	NA	NA	NA	NA	NA	1	NA	NA	1	10	NA	NA	NA	NA	NA
SAMN02628579	NA	3	NA	NA	3	20	NA	NA	NA	NA	NA	NA	1	NA	NA	1	10	NA	NA	NA	NA	NA
SAMN02628581	NA	1	NA	3	2	11	15	6	NA	NA	NA	NA	1	NA	1	1	10	15	6	NA	NA	NA
SAMN02628582	NA	1	NA	NA	2	14	NA	6	NA	NA	NA	NA	1	NA	NA	1	10	NA	6	NA	NA	NA
SAMN02628583	NA	1	NA	2	1	10	30	NA	NA	NA	NA	NA	1	NA	1	1	10	15	NA	NA	NA	NA
SAMN02628587	NA	1	NA	2	2	10	30	1	1	18	NA	NA	1	NA	1	1	10	15	1	1	18	NA
SAMN02628588	NA	1	NA	1	1	10	15	NA	NA	NA	NA	NA	1	NA	1	1	10	15	NA	NA	NA	NA
SAMN02628593	NA	1	NA	3	1	11	15	4	NA	NA	NA	NA	1	NA	1	1	10	15	4	NA	NA	NA
SAMN02628595	NA	1	NA	1	1	11	15	NA	NA	NA	NA	NA	1	NA	1	1	10	15	NA	NA	NA	NA
SAMN02628596	NA	1	NA	1	1	11	15	NA	NA	NA	NA	NA	1	NA	1	1	10	15	NA	NA	NA	NA
SAMN02628598	NA	1	NA	NA	1	13	NA	1	1	NA	NA	NA	1	NA	NA	1	10	NA	1	1	NA	NA
SAMN02628599	NA	NA	NA	NA	1	2	NA	6	NA	NA	NA	NA	NA	NA	NA	1	1	NA	6	NA	NA	NA
SAMN02628600	NA	1	NA	NA	1	11	NA	NA	1	NA	NA	NA	1	NA	NA	1	10	NA	NA	1	NA	NA
SAMN02628602	NA	1	NA	1	2	12	15	7	NA	NA	NA	NA	1	NA	1	1	10	15	6	NA	NA	NA
SAMN02628604	NA	NA	NA	1	1	3	15	6	NA	NA	NA	NA	NA	NA	1	1	3	15	6	NA	NA	NA
SAMN02628607	NA	1	NA	1	1	11	NA	1	NA	NA	NA	NA	1	NA	1	1	10	NA	1	NA	NA	NA
SAMN02628611	NA	1	NA	NA	1	14	NA	NA	1	NA	NA	NA	1	NA	NA	1	11	NA	NA	1	NA	NA
SAMN02628612	NA	1	NA	1	1	10	NA	3	1	NA	NA	NA	1	NA	1	1	10	NA	3	1	NA	NA
SAMN02628613	NA	1	NA	1	1	12	15	NA	NA	NA	NA	NA	1	NA	1	1	10	15	NA	NA	NA	NA
SAMN02628616	NA	3	NA	1	1	12	NA	6	NA	2	NA	NA	1	NA	1	1	10	NA	6	NA	2	NA
SAMN02628618	NA	2	NA	2	2	17	17	2	1	18	NA	NA	1	NA	1	1	10	15	2	1	18	NA
SAMN02628619	NA	1	NA	2	2	14	30	6	1	NA	NA	NA	1	NA	1	1	10	15	6	1	NA	NA
SAMN02628627	NA	3	NA	1	1	16	15	NA	NA	NA	NA	NA	1	NA	1	1	10	15	NA	NA	NA	NA
SAMN02628628	NA	1	NA	1	1	11	14	NA	NA	NA	NA	NA	1	NA	1	1	10	14	NA	NA	NA	NA
SAMN02628629	NA	1	NA	NA	1	10	NA	NA	NA	NA	NA	NA	1	NA	NA	1	10	NA	NA	NA	NA	NA
SAMN02628630	NA	1	NA	NA	2	13	NA	7	1	NA	NA	NA	1	NA	NA	1	11	NA	6	1	NA	NA
SAMN02628631	NA	1	NA	NA	1	10	NA	NA	NA	NA	NA	NA	1	NA	NA	1	10	NA	NA	NA	NA	NA
SAMN02628635	NA	1	NA	1	1	10	15	NA	NA	NA	NA	NA	1	NA	1	1	10	15	NA	NA	NA	NA
SAMN02628636	NA	2	NA	1	2	27	NA	NA	NA	NA	NA	NA	1	NA	1	1	10	NA	NA	NA	NA	NA
SAMN02628640	NA	1	NA	NA	1	10	NA	NA	NA	NA	NA	NA	1	NA	NA	1	10	NA	NA	NA	NA	NA
SAMN02628645	NA	NA	NA	1	NA	NA	15	NA	NA	NA	NA	NA	NA	NA	1	NA	NA	15	NA	NA	NA	NA
SAMN02628647	1	NA	NA	1	2	3	NA	10	NA	NA	NA	1	NA	NA	1	1	1	NA	7	NA	NA	NA
SAMN02628650	NA	1	NA	2	1	12	30	NA	2	NA	NA	NA	1	NA	1	1	10	15	NA	1	NA	NA
SAMN02628651	NA	NA	NA	1	NA	1	15	NA	NA	NA	NA	NA	NA	NA	1	NA	1	15	NA	NA	NA	NA
SAMN02628657	NA	1	NA	2	1	10	15	NA	NA	NA	NA	NA	1	NA	1	1	10	15	NA	NA	NA	NA
SAMN02628659	NA	1	NA	NA	2	10	NA	1	NA	18	NA	NA	1	NA	NA	1	10	NA	1	NA	18	NA
SAMN02628660	NA	1	NA	NA	1	10	NA	NA	NA	NA	NA	NA	1	NA	NA	1	10	NA	NA	NA	NA	NA
SAMN02628661	NA	1	NA	2	1	10	15	NA	NA	NA	NA	NA	1	NA	1	1	10	15	NA	NA	NA	NA
SAMN02628662	NA	1	NA	NA	1	11	NA	NA	NA	NA	NA	NA	1	NA	NA	1	10	NA	NA	NA	NA	NA
SAMN02628664	NA	1	NA	NA	1	12	NA	NA	1	NA	NA	NA	1	NA	NA	1	10	NA	NA	1	NA	NA
SAMN02628665	NA	NA	NA	1	1	NA	NA	7	2	NA	NA	NA	NA	NA	1	1	NA	NA	6	1	NA	NA
SAMN02628666	NA	1	NA	1	2	13	15	8	NA	NA	NA	NA	1	NA	1	1	10	15	7	NA	NA	NA
SAMN02628667	NA	1	NA	NA	1	11	NA	NA	NA	NA	NA	NA	1	NA	NA	1	10	NA	NA	NA	NA	NA
SAMN02628669	NA	1	NA	NA	1	11	NA	NA	NA	NA	NA	NA	1	NA	NA	1	10	NA	NA	NA	NA	NA
SAMN02628671	NA	1	1	1	2	20	15	NA	NA	NA	NA	NA	1	1	1	1	12	15	NA	NA	NA	NA
SAMN02628672	NA	2	NA	2	1	21	NA	1	1	NA	NA	NA	1	NA	1	1	10	NA	1	1	NA	NA
SAMN02628676	NA	1	1	NA	2	11	NA	3	1	17	NA	NA	1	1	NA	1	11	NA	3	1	17	NA
SAMN02628680	NA	1	1	NA	2	20	1	1	NA	21	NA	NA	1	1	NA	1	11	1	1	NA	18	NA
SAMN02628683	1	1	NA	NA	2	11	NA	4	NA	NA	NA	1	1	NA	NA	1	10	NA	3	NA	NA	NA
SAMN02628684	NA	1	NA	1	1	11	15	NA	NA	NA	NA	NA	1	NA	1	1	10	15	NA	NA	NA	NA
SAMN02628685	1	NA	1	2	3	11	NA	13	NA	NA	NA	1	NA	1	1	1	9	NA	8	NA	NA	NA
SAMN02628686	NA	1	NA	1	1	11	4	NA	NA	NA	NA	NA	1	NA	1	1	10	4	NA	NA	NA	NA
SAMN02628687	NA	NA	NA	NA	1	2	NA	8	NA	NA	NA	NA	NA	NA	NA	1	1	NA	6	NA	NA	NA
SAMN02628688	NA	2	NA	1	3	22	15	2	NA	NA	NA	NA	1	NA	1	1	11	15	2	NA	NA	NA
SAMN02628690	NA	1	NA	3	1	13	27	NA	NA	NA	NA	NA	1	NA	1	1	10	15	NA	NA	NA	NA
SAMN02628691	NA	1	NA	1	1	11	15	NA	1	NA	NA	NA	1	NA	1	1	10	15	NA	1	NA	NA
SAMN02628695	NA	NA	1	NA	1	12	1	1	NA	NA	NA	NA	NA	1	NA	1	9	1	1	NA	NA	NA
SAMN02628696	NA	1	NA	1	1	13	15	1	NA	NA	NA	NA	1	NA	1	1	10	15	1	NA	NA	NA
SAMN02628700	NA	3	NA	1	2	25	15	1	NA	NA	NA	NA	1	NA	1	1	11	15	1	NA	NA	NA
SAMN02628701	NA	NA	NA	1	NA	2	NA	1	NA	NA	NA	NA	NA	NA	1	NA	1	NA	1	NA	NA	NA
SAMN02628702	NA	1	NA	1	2	10	NA	7	NA	NA	NA	NA	1	NA	1	1	10	NA	6	NA	NA	NA
SAMN03295421	NA	2	NA	NA	1	12	NA	NA	NA	NA	NA	NA	1	NA	NA	1	10	NA	NA	NA	NA	NA
SAMN03295423	NA	NA	NA	3	2	NA	15	11	NA	NA	NA	NA	NA	NA	1	1	NA	15	7	NA	NA	NA
SAMN03295424	NA	1	NA	NA	1	10	NA	NA	NA	NA	NA	NA	1	NA	NA	1	10	NA	NA	NA	NA	NA
SAMN03295426	NA	3	NA	2	3	26	15	NA	NA	NA	NA	NA	1	NA	1	1	10	15	NA	NA	NA	NA
SAMN03295428	NA	1	NA	2	1	12	NA	3	1	NA	NA	NA	1	NA	1	1	10	NA	3	1	NA	NA
SAMN03295429	NA	1	NA	NA	1	10	NA	NA	NA	NA	NA	NA	1	NA	NA	1	10	NA	NA	NA	NA	NA
SAMN03295431	1	NA	1	1	3	12	NA	13	NA	NA	NA	1	NA	1	1	1	9	NA	8	NA	NA	NA
SAMN03295432	NA	1	NA	NA	2	11	NA	7	NA	NA	NA	NA	1	NA	NA	1	10	NA	6	NA	NA	NA
SAMN03295433	NA	1	NA	NA	1	13	NA	NA	1	3	NA	NA	1	NA	NA	1	10	NA	NA	1	3	NA
SAMN03295437	NA	1	NA	1	1	12	15	NA	NA	NA	NA	NA	1	NA	1	1	10	15	NA	NA	NA	NA
SAMN03295439	NA	1	NA	1	1	11	15	NA	NA	NA	NA	NA	1	NA	1	1	10	15	NA	NA	NA	NA
SAMN03295442	NA	NA	NA	1	1	NA	NA	5	NA	NA	NA	NA	NA	NA	1	1	NA	NA	5	NA	NA	NA
SAMN03295444	NA	1	NA	NA	1	11	NA	NA	1	NA	NA	NA	1	NA	NA	1	10	NA	NA	1	NA	NA
SAMN03295445	NA	1	NA	NA	1	8	NA	3	NA	NA	NA	NA	1	NA	NA	1	8	NA	2	NA	NA	NA
SAMN03295450	NA	1	NA	2	1	11	15	NA	NA	NA	NA	NA	1	NA	1	1	10	15	NA	NA	NA	NA
SAMN03295461	NA	NA	1	1	1	10	12	1	NA	NA	NA	NA	NA	1	1	1	8	12	1	NA	NA	NA
SAMN03295463	NA	1	NA	2	1	13	NA	3	1	NA	NA	NA	1	NA	1	1	10	NA	3	1	NA	NA
SAMN03455846	NA	1	NA	2	NA	8	16	NA	NA	NA	NA	NA	1	NA	1	NA	5	15	NA	NA	NA	NA
SAMN03455849	NA	1	NA	NA	1	10	NA	NA	NA	NA	NA	NA	1	NA	NA	1	10	NA	NA	NA	NA	NA
SAMN03462119	NA	NA	NA	1	NA	2	15	NA	NA	NA	NA	NA	NA	NA	1	NA	1	15	NA	NA	NA	NA
SAMN03462125	NA	NA	NA	NA	NA	2	NA	NA	NA	NA	NA	NA	NA	NA	NA	NA	1	NA	NA	NA	NA	NA
SAMN03462126	NA	NA	NA	2	NA	3	15	1	NA	NA	NA	NA	NA	NA	1	NA	1	15	1	NA	NA	NA
SAMN03702810	NA	1	NA	3	1	14	NA	1	NA	NA	NA	NA	1	NA	1	1	11	NA	1	NA	NA	NA
SAMN04158432	NA	1	NA	NA	2	13	NA	7	NA	NA	NA	NA	1	NA	NA	1	10	NA	6	NA	NA	NA
SAMN04160747	NA	NA	NA	1	1	NA	NA	7	NA	NA	NA	NA	NA	NA	1	1	NA	NA	6	NA	NA	NA
SAMN04160753	NA	1	NA	1	2	13	NA	7	NA	NA	NA	NA	1	NA	1	1	10	NA	6	NA	NA	NA
SAMN04160754	NA	1	NA	1	2	13	NA	7	NA	NA	NA	NA	1	NA	1	1	10	NA	6	NA	NA	NA
SAMN04160758	NA	1	NA	1	2	13	NA	7	NA	NA	NA	NA	1	NA	1	1	10	NA	6	NA	NA	NA
SAMN04160773	NA	NA	NA	NA	NA	NA	NA	NA	NA	1	NA	NA	NA	NA	NA	NA	NA	NA	NA	NA	1	NA
SAMN04191534	NA	NA	NA	1	1	NA	NA	7	NA	NA	NA	NA	NA	NA	1	1	NA	NA	6	NA	NA	NA
SAMN04191535	NA	NA	NA	1	1	NA	NA	7	NA	NA	NA	NA	NA	NA	1	1	NA	NA	6	NA	NA	NA
SAMN04191537	NA	NA	NA	4	2	NA	NA	15	NA	NA	NA	NA	NA	NA	1	1	NA	NA	8	NA	NA	NA
SAMN04191548	NA	NA	NA	2	1	11	NA	4	NA	NA	NA	NA	NA	NA	1	1	1	NA	4	NA	NA	NA
SAMN04191549	NA	NA	NA	2	1	2	NA	5	NA	NA	NA	NA	NA	NA	1	1	1	NA	5	NA	NA	NA
SAMN04191550	NA	NA	NA	2	1	10	NA	5	NA	NA	NA	NA	NA	NA	1	1	1	NA	5	NA	NA	NA
SAMN04191551	NA	NA	NA	1	NA	NA	NA	1	NA	NA	NA	NA	NA	NA	1	NA	NA	NA	1	NA	NA	NA
SAMN04191555	NA	NA	NA	2	NA	2	NA	2	NA	NA	NA	NA	NA	NA	1	NA	1	NA	2	NA	NA	NA
SAMN04191556	NA	NA	NA	2	NA	2	NA	1	NA	NA	NA	NA	NA	NA	1	NA	1	NA	1	NA	NA	NA
SAMN04191561	NA	NA	NA	3	NA	2	NA	1	NA	NA	NA	NA	NA	NA	1	NA	1	NA	1	NA	NA	NA
SAMN04293279	NA	NA	NA	NA	1	17	2	1	NA	NA	NA	NA	NA	NA	NA	1	10	2	1	NA	NA	NA
SAMN04293301	NA	1	NA	NA	1	11	NA	NA	NA	NA	NA	NA	1	NA	NA	1	10	NA	NA	NA	NA	NA
SAMN04293311	NA	NA	NA	NA	NA	1	NA	NA	NA	NA	NA	NA	NA	NA	NA	NA	1	NA	NA	NA	NA	NA
SAMN04293317	NA	NA	NA	NA	NA	1	NA	NA	NA	NA	NA	NA	NA	NA	NA	NA	1	NA	NA	NA	NA	NA
SAMN04293322	NA	1	NA	1	1	13	NA	1	NA	NA	NA	NA	1	NA	1	1	10	NA	1	NA	NA	NA
SAMN04293336	NA	NA	NA	NA	NA	1	NA	NA	NA	NA	NA	NA	NA	NA	NA	NA	1	NA	NA	NA	NA	NA
SAMN04293337	NA	1	NA	NA	1	11	NA	1	NA	NA	NA	NA	1	NA	NA	1	10	NA	1	NA	NA	NA
SAMN04293343	NA	2	1	NA	4	21	NA	1	NA	24	NA	NA	1	1	NA	1	10	NA	1	NA	17	NA
SAMN04293348	NA	1	1	NA	2	21	NA	1	NA	NA	NA	NA	1	1	NA	1	12	NA	1	NA	NA	NA
SAMN04293350	NA	1	NA	NA	1	11	NA	NA	NA	NA	NA	NA	1	NA	NA	1	10	NA	NA	NA	NA	NA
SAMN04293364	NA	3	NA	1	2	19	15	NA	NA	NA	NA	NA	1	NA	1	1	10	15	NA	NA	NA	NA
SAMN04293368	NA	1	NA	2	2	15	NA	2	NA	NA	NA	NA	1	NA	1	1	11	NA	2	NA	NA	NA
SAMN04293370	NA	1	NA	NA	1	11	NA	NA	NA	NA	NA	NA	1	NA	NA	1	10	NA	NA	NA	NA	NA
SAMN04293376	NA	NA	NA	1	1	NA	NA	6	NA	NA	NA	NA	NA	NA	1	1	NA	NA	6	NA	NA	NA
SAMN04293378	NA	NA	NA	2	1	3	15	1	1	18	NA	NA	NA	NA	1	1	1	15	1	1	18	NA
SAMN04293387	NA	1	1	NA	1	8	NA	1	NA	20	NA	NA	1	1	NA	1	5	NA	1	NA	18	NA
SAMN04293391	NA	1	NA	3	1	10	NA	3	NA	NA	NA	NA	1	NA	1	1	10	NA	3	NA	NA	NA
SAMN04293399	NA	1	NA	NA	1	10	NA	NA	1	NA	NA	NA	1	NA	NA	1	10	NA	NA	1	NA	NA
SAMN04293406	NA	NA	NA	NA	NA	1	NA	NA	NA	NA	NA	NA	NA	NA	NA	NA	1	NA	NA	NA	NA	NA
SAMN04293420	NA	1	NA	NA	2	10	NA	5	1	NA	NA	NA	1	NA	NA	1	10	NA	5	1	NA	NA
SAMN04293421	NA	1	NA	NA	1	12	NA	NA	NA	NA	NA	NA	1	NA	NA	1	10	NA	NA	NA	NA	NA
SAMN04293426	NA	NA	1	1	2	12	16	1	2	20	NA	NA	NA	1	1	1	6	15	1	1	18	NA
SAMN04293429	NA	NA	1	1	1	11	5	1	1	NA	NA	NA	NA	1	1	1	10	5	1	1	NA	NA
SAMN04293431	NA	1	NA	NA	1	11	NA	NA	1	NA	NA	NA	1	NA	NA	1	10	NA	NA	1	NA	NA
SAMN04293434	NA	NA	NA	NA	NA	1	NA	NA	NA	NA	NA	NA	NA	NA	NA	NA	1	NA	NA	NA	NA	NA
SAMN04335033	NA	NA	NA	1	NA	3	NA	1	NA	NA	NA	NA	NA	NA	1	NA	1	NA	1	NA	NA	NA
SAMN04335042	NA	NA	NA	2	NA	2	NA	2	NA	NA	NA	NA	NA	NA	1	NA	1	NA	2	NA	NA	NA
SAMN04338474	NA	1	1	2	6	12	15	2	NA	32	NA	NA	1	1	1	1	10	15	2	NA	18	NA
SAMN04338475	NA	1	1	1	4	14	15	2	NA	32	NA	NA	1	1	1	1	10	15	2	NA	17	NA
SAMN04338476	NA	1	NA	2	4	13	16	1	NA	32	NA	NA	1	NA	1	1	10	15	1	NA	18	NA
SAMN04338478	NA	NA	NA	2	NA	5	15	1	NA	NA	NA	NA	NA	NA	1	NA	4	15	1	NA	NA	NA
SAMN04338495	NA	NA	1	1	3	2	11	2	NA	29	NA	NA	NA	1	1	1	1	11	2	NA	18	NA
SAMN04338506	NA	NA	NA	2	NA	11	5	1	NA	NA	NA	NA	NA	NA	1	NA	1	5	1	NA	NA	NA
SAMN04396076	NA	1	NA	3	2	11	NA	6	NA	NA	NA	NA	1	NA	1	1	10	NA	6	NA	NA	NA
SAMN04396077	NA	1	NA	1	2	10	NA	7	NA	NA	NA	NA	1	NA	1	1	10	NA	6	NA	NA	NA
SAMN04396078	NA	1	NA	2	2	11	NA	7	NA	NA	NA	NA	1	NA	1	1	10	NA	6	NA	NA	NA
SAMN04396080	NA	1	NA	1	NA	1	NA	NA	NA	NA	NA	NA	1	NA	1	NA	1	NA	NA	NA	NA	NA
SAMN04396085	NA	2	NA	2	2	11	NA	6	NA	NA	NA	NA	1	NA	1	1	10	NA	6	NA	NA	NA
SAMN04396086	NA	1	NA	4	2	10	NA	6	NA	NA	NA	NA	1	NA	1	1	10	NA	6	NA	NA	NA
SAMN04422322	NA	NA	NA	2	1	2	NA	5	NA	NA	NA	NA	NA	NA	1	1	1	NA	5	NA	NA	NA
SAMN04422324	NA	NA	NA	1	NA	1	15	NA	1	NA	NA	NA	NA	NA	1	NA	1	15	NA	1	NA	NA
SAMN04422352	NA	1	NA	1	1	12	NA	NA	NA	NA	NA	NA	1	NA	1	1	10	NA	NA	NA	NA	NA
SAMN04422366	NA	NA	NA	1	NA	2	NA	1	NA	NA	NA	NA	NA	NA	1	NA	1	NA	1	NA	NA	NA
SAMN04422378	NA	NA	NA	2	1	2	NA	8	NA	NA	NA	NA	NA	NA	1	1	1	NA	6	NA	NA	NA
SAMN04422382	NA	NA	NA	1	1	2	NA	6	NA	NA	NA	NA	NA	NA	1	1	1	NA	6	NA	NA	NA
SAMN04422386	NA	NA	NA	1	1	2	NA	7	NA	NA	NA	NA	NA	NA	1	1	1	NA	6	NA	NA	NA
SAMN04422389	NA	NA	NA	1	1	2	NA	7	NA	NA	NA	NA	NA	NA	1	1	1	NA	6	NA	NA	NA
SAMN04422390	NA	NA	NA	1	1	2	NA	7	NA	NA	NA	NA	NA	NA	1	1	1	NA	6	NA	NA	NA
SAMN04422393	NA	NA	NA	1	1	2	NA	7	NA	NA	NA	NA	NA	NA	1	1	1	NA	6	NA	NA	NA
SAMN04422400	NA	NA	NA	1	1	2	NA	7	NA	NA	NA	NA	NA	NA	1	1	1	NA	6	NA	NA	NA
SAMN04422406	NA	NA	NA	1	1	2	NA	7	NA	NA	NA	NA	NA	NA	1	1	1	NA	6	NA	NA	NA
SAMN04422416	NA	NA	NA	1	1	2	NA	7	NA	NA	NA	NA	NA	NA	1	1	1	NA	6	NA	NA	NA
SAMN04422419	NA	NA	NA	1	1	2	NA	7	NA	NA	NA	NA	NA	NA	1	1	1	NA	6	NA	NA	NA
SAMN04422420	NA	NA	NA	1	1	2	NA	7	NA	NA	NA	NA	NA	NA	1	1	1	NA	6	NA	NA	NA
SAMN04422423	NA	NA	NA	1	1	2	NA	7	NA	NA	NA	NA	NA	NA	1	1	1	NA	6	NA	NA	NA
SAMN04422425	NA	NA	NA	1	1	2	NA	7	NA	NA	NA	NA	NA	NA	1	1	1	NA	6	NA	NA	NA
SAMN04422431	NA	NA	NA	1	1	3	NA	7	NA	NA	NA	NA	NA	NA	1	1	1	NA	6	NA	NA	NA
SAMN04422435	NA	NA	NA	2	1	2	NA	7	NA	NA	NA	NA	NA	NA	1	1	1	NA	6	NA	NA	NA
SAMN04422437	NA	NA	NA	1	1	3	NA	7	NA	NA	NA	NA	NA	NA	1	1	1	NA	6	NA	NA	NA
SAMN04422439	NA	NA	NA	1	1	2	NA	7	NA	NA	NA	NA	NA	NA	1	1	1	NA	6	NA	NA	NA
SAMN04429906	NA	NA	NA	1	1	2	NA	7	NA	NA	NA	NA	NA	NA	1	1	1	NA	6	NA	NA	NA
SAMN04446958	NA	NA	NA	NA	NA	1	NA	NA	NA	NA	NA	NA	NA	NA	NA	NA	1	NA	NA	NA	NA	NA
SAMN04510378	NA	NA	NA	2	NA	2	NA	1	NA	NA	NA	NA	NA	NA	1	NA	1	NA	1	NA	NA	NA
SAMN04510388	NA	NA	NA	1	NA	3	NA	1	NA	NA	NA	NA	NA	NA	1	NA	1	NA	1	NA	NA	NA
SAMN04510394	NA	NA	NA	3	NA	2	NA	2	NA	NA	NA	NA	NA	NA	1	NA	1	NA	2	NA	NA	NA
SAMN04510412	NA	NA	NA	3	NA	2	NA	1	NA	NA	NA	NA	NA	NA	1	NA	1	NA	1	NA	NA	NA
SAMN04510413	NA	NA	NA	3	NA	3	NA	2	NA	NA	NA	NA	NA	NA	1	NA	1	NA	2	NA	NA	NA
SAMN04510419	NA	NA	NA	1	NA	2	NA	1	NA	NA	NA	NA	NA	NA	1	NA	1	NA	1	NA	NA	NA
SAMN04510557	NA	1	NA	NA	3	25	1	NA	NA	NA	NA	NA	1	NA	NA	1	11	1	NA	NA	NA	NA
SAMN04510561	NA	NA	1	NA	NA	5	NA	NA	NA	NA	NA	NA	NA	1	NA	NA	5	NA	NA	NA	NA	NA
SAMN04510562	NA	NA	1	NA	NA	5	NA	NA	NA	NA	NA	NA	NA	1	NA	NA	5	NA	NA	NA	NA	NA
SAMN04510563	NA	NA	NA	1	NA	NA	NA	1	NA	NA	NA	NA	NA	NA	1	NA	NA	NA	1	NA	NA	NA
SAMN04510568	NA	NA	1	1	NA	5	NA	NA	NA	NA	NA	NA	NA	1	1	NA	5	NA	NA	NA	NA	NA
SAMN04902851	NA	1	NA	1	1	11	NA	NA	NA	NA	NA	NA	1	NA	1	1	10	NA	NA	NA	NA	NA
SAMN04902855	NA	NA	1	NA	1	15	NA	NA	1	NA	NA	NA	NA	1	NA	1	10	NA	NA	1	NA	NA
SAMN04902856	NA	NA	NA	1	NA	NA	NA	NA	NA	NA	NA	NA	NA	NA	1	NA	NA	NA	NA	NA	NA	NA
SAMN04902860	NA	1	1	2	3	22	NA	7	NA	NA	NA	NA	1	1	1	1	12	NA	4	NA	NA	NA
SAMN04902864	NA	NA	1	NA	1	NA	NA	1	NA	14	NA	NA	NA	1	NA	1	NA	NA	1	NA	14	NA
SAMN04902866	NA	NA	NA	1	NA	2	15	1	NA	2	NA	NA	NA	NA	1	NA	1	15	1	NA	1	NA
SAMN04902873	NA	2	NA	1	2	21	NA	1	NA	NA	NA	NA	1	NA	1	1	11	NA	1	NA	NA	NA
SAMN04902882	NA	1	NA	2	2	11	14	7	NA	NA	NA	NA	1	NA	1	1	10	14	6	NA	NA	NA
SAMN04902883	NA	1	NA	1	2	11	14	6	NA	NA	NA	NA	1	NA	1	1	10	14	6	NA	NA	NA
SAMN04902892	NA	3	NA	3	1	25	15	4	NA	NA	NA	NA	1	NA	1	1	10	15	3	NA	NA	NA
SAMN04913896	NA	2	NA	NA	NA	NA	NA	1	NA	NA	NA	NA	1	NA	NA	NA	NA	NA	1	NA	NA	NA
SAMN04942837	NA	NA	1	1	1	8	NA	1	1	NA	NA	NA	NA	1	1	1	8	NA	1	1	NA	NA
SAMN04942838	NA	NA	1	1	1	8	NA	1	1	NA	NA	NA	NA	1	1	1	8	NA	1	1	NA	NA
SAMN04942840	NA	NA	NA	NA	NA	NA	NA	NA	NA	1	NA	NA	NA	NA	NA	NA	NA	NA	NA	NA	1	NA
SAMN05163867	NA	NA	NA	NA	NA	NA	NA	NA	NA	1	NA	NA	NA	NA	NA	NA	NA	NA	NA	NA	1	NA
SAMN05163875	NA	1	1	1	1	16	NA	NA	NA	NA	NA	NA	1	1	1	1	11	NA	NA	NA	NA	NA
SAMN05171462	NA	1	NA	3	1	13	NA	NA	1	NA	NA	NA	1	NA	1	1	10	NA	NA	1	NA	NA
SAMN05232926	NA	1	1	1	2	18	NA	6	NA	NA	NA	NA	1	1	1	1	11	NA	6	NA	NA	NA
SAMN05232927	NA	1	NA	NA	2	14	NA	1	NA	12	NA	NA	1	NA	NA	1	11	NA	1	NA	12	NA
SAMN05232928	NA	1	NA	NA	2	15	NA	1	NA	12	NA	NA	1	NA	NA	1	11	NA	1	NA	12	NA
SAMN05275927	NA	NA	NA	NA	NA	5	NA	NA	NA	NA	NA	NA	NA	NA	NA	NA	1	NA	NA	NA	NA	NA
SAMN05326673	NA	NA	NA	3	NA	3	NA	1	NA	NA	NA	NA	NA	NA	1	NA	1	NA	1	NA	NA	NA
SAMN05326676	NA	NA	NA	1	NA	2	NA	1	NA	NA	NA	NA	NA	NA	1	NA	1	NA	1	NA	NA	NA
SAMN05326678	NA	NA	NA	2	NA	3	NA	1	NA	NA	NA	NA	NA	NA	1	NA	1	NA	1	NA	NA	NA
SAMN05326683	NA	NA	NA	2	NA	1	NA	1	NA	NA	NA	NA	NA	NA	1	NA	1	NA	1	NA	NA	NA
SAMN05326696	NA	NA	NA	2	NA	4	15	NA	NA	NA	NA	NA	NA	NA	1	NA	1	15	NA	NA	NA	NA
SAMN05326698	NA	1	NA	2	NA	6	NA	1	NA	NA	NA	NA	1	NA	1	NA	2	NA	1	NA	NA	NA
SAMN05326699	NA	1	NA	2	NA	5	NA	1	NA	NA	NA	NA	1	NA	1	NA	2	NA	1	NA	NA	NA
SAMN05326700	NA	1	NA	1	NA	2	NA	1	1	NA	NA	NA	1	NA	1	NA	2	NA	1	1	NA	NA
SAMN05326703	NA	3	NA	1	1	13	NA	1	NA	NA	NA	NA	1	NA	1	1	10	NA	1	NA	NA	NA
SAMN05439481	NA	1	NA	NA	1	14	NA	NA	NA	NA	NA	NA	1	NA	NA	1	11	NA	NA	NA	NA	NA
SAMN05439482	NA	1	NA	1	1	12	NA	1	NA	NA	NA	NA	1	NA	1	1	10	NA	1	NA	NA	NA
SAMN05439496	NA	2	NA	1	2	20	15	NA	NA	NA	NA	NA	1	NA	1	1	10	15	NA	NA	NA	NA
SAMN05439504	NA	NA	NA	2	NA	NA	NA	NA	NA	NA	NA	NA	NA	NA	1	NA	NA	NA	NA	NA	NA	NA
SAMN05439505	NA	1	NA	1	1	10	NA	NA	NA	NA	NA	NA	1	NA	1	1	10	NA	NA	NA	NA	NA
SAMN05439506	NA	1	NA	2	1	10	15	NA	NA	NA	NA	NA	1	NA	1	1	10	15	NA	NA	NA	NA
SAMN05439510	NA	1	NA	1	1	10	NA	2	NA	4	NA	NA	1	NA	1	1	10	NA	2	NA	4	NA
SAMN05439511	NA	1	NA	2	1	10	NA	1	NA	4	NA	NA	1	NA	1	1	10	NA	1	NA	4	NA
SAMN05439515	NA	NA	NA	NA	NA	2	NA	NA	NA	NA	NA	NA	NA	NA	NA	NA	1	NA	NA	NA	NA	NA
SAMN05439517	NA	1	NA	1	1	12	NA	NA	NA	NA	NA	NA	1	NA	1	1	10	NA	NA	NA	NA	NA
SAMN05439518	1	1	NA	3	2	10	13	5	NA	NA	NA	1	1	NA	1	1	10	13	5	NA	NA	NA
SAMN05439567	NA	1	NA	1	1	7	NA	7	NA	NA	NA	NA	1	NA	1	1	7	NA	7	NA	NA	NA
SAMN05439568	NA	1	NA	NA	1	13	NA	NA	NA	NA	NA	NA	1	NA	NA	1	10	NA	NA	NA	NA	NA
SAMN05440254	NA	NA	2	NA	2	10	NA	1	NA	14	NA	NA	NA	1	NA	1	10	NA	1	NA	14	NA
SAMN05440256	NA	NA	NA	NA	NA	1	NA	NA	NA	NA	NA	NA	NA	NA	NA	NA	1	NA	NA	NA	NA	NA
SAMN05440258	NA	1	NA	1	NA	7	14	NA	NA	NA	NA	NA	1	NA	1	NA	3	14	NA	NA	NA	NA
SAMN05440259	NA	1	NA	NA	1	11	NA	NA	NA	1	NA	NA	1	NA	NA	1	10	NA	NA	NA	1	NA
SAMN05440263	NA	1	NA	NA	2	10	NA	6	NA	NA	NA	NA	1	NA	NA	1	10	NA	6	NA	NA	NA
SAMN05440266	NA	1	1	NA	2	11	NA	1	NA	18	NA	NA	1	1	NA	1	11	NA	1	NA	18	NA
SAMN05440269	NA	NA	NA	1	NA	NA	NA	NA	NA	NA	NA	NA	NA	NA	1	NA	NA	NA	NA	NA	NA	NA
SAMN05452846	NA	NA	1	NA	1	10	NA	NA	NA	NA	NA	NA	NA	1	NA	1	10	NA	NA	NA	NA	NA
SAMN05464541	NA	NA	NA	2	NA	NA	2	NA	NA	NA	NA	NA	NA	NA	1	NA	NA	2	NA	NA	NA	NA
SAMN05596101	1	1	NA	1	3	13	NA	11	1	NA	NA	1	1	NA	1	1	10	NA	6	1	NA	NA
SAMN05596161	NA	2	NA	2	4	14	NA	7	NA	NA	NA	NA	1	NA	1	1	10	NA	6	NA	NA	NA
SAMN05596165	NA	1	NA	NA	1	10	NA	NA	NA	NA	NA	NA	1	NA	NA	1	10	NA	NA	NA	NA	NA
SAMN05596176	NA	3	NA	1	2	20	15	NA	NA	NA	NA	NA	1	NA	1	1	10	15	NA	NA	NA	NA
SAMN05596205	NA	1	NA	1	1	12	15	1	NA	NA	NA	NA	1	NA	1	1	10	15	1	NA	NA	NA
SAMN05596210	NA	1	NA	NA	2	10	NA	6	NA	NA	NA	NA	1	NA	NA	1	10	NA	6	NA	NA	NA
SAMN05596234	NA	NA	NA	NA	NA	3	NA	NA	1	NA	NA	NA	NA	NA	NA	NA	1	NA	NA	1	NA	NA
SAMN05596240	NA	1	NA	1	1	10	15	NA	NA	NA	NA	NA	1	NA	1	1	10	15	NA	NA	NA	NA
SAMN05596392	NA	1	NA	1	1	10	NA	NA	NA	NA	NA	NA	1	NA	1	1	10	NA	NA	NA	NA	NA
SAMN05596471	NA	1	NA	1	2	12	15	6	NA	NA	NA	NA	1	NA	1	1	10	15	6	NA	NA	NA
SAMN05596491	NA	1	NA	NA	1	10	NA	1	NA	NA	NA	NA	1	NA	NA	1	10	NA	1	NA	NA	NA
SAMN05596564	NA	1	NA	NA	1	10	NA	NA	NA	NA	NA	NA	1	NA	NA	1	10	NA	NA	NA	NA	NA
SAMN05596653	NA	1	NA	1	2	14	NA	NA	NA	NA	NA	NA	1	NA	1	1	10	NA	NA	NA	NA	NA
SAMN05596717	NA	1	NA	1	1	10	NA	NA	1	NA	NA	NA	1	NA	1	1	10	NA	NA	1	NA	NA
SAMN05596725	NA	1	NA	1	2	10	NA	1	NA	24	NA	NA	1	NA	1	1	10	NA	1	NA	18	NA
SAMN05597016	NA	1	NA	1	2	10	15	NA	NA	NA	NA	NA	1	NA	1	1	10	15	NA	NA	NA	NA
SAMN05605369	NA	1	NA	1	1	14	15	NA	NA	NA	NA	NA	1	NA	1	1	11	15	NA	NA	NA	NA
SAMN05605370	NA	NA	NA	NA	NA	1	NA	1	NA	NA	NA	NA	NA	NA	NA	NA	1	NA	1	NA	NA	NA
SAMN05605371	NA	NA	NA	1	1	2	NA	1	NA	17	NA	NA	NA	NA	1	1	1	NA	1	NA	17	NA
SAMN05605374	NA	1	NA	1	1	14	15	NA	NA	NA	NA	NA	1	NA	1	1	11	15	NA	NA	NA	NA
SAMN05605376	NA	NA	NA	NA	NA	1	NA	NA	1	NA	NA	NA	NA	NA	NA	NA	1	NA	NA	1	NA	NA
SAMN05605381	NA	1	NA	2	NA	3	NA	NA	NA	NA	NA	NA	1	NA	1	NA	1	NA	NA	NA	NA	NA
SAMN05605391	NA	NA	NA	2	NA	3	NA	NA	1	NA	NA	NA	NA	NA	1	NA	1	NA	NA	1	NA	NA
SAMN05605393	NA	NA	NA	NA	1	1	NA	1	NA	17	NA	NA	NA	NA	NA	1	1	NA	1	NA	17	NA
SAMN05605418	NA	NA	NA	NA	1	1	NA	1	NA	17	NA	NA	NA	NA	NA	1	1	NA	1	NA	17	NA
SAMN05605422	NA	1	NA	1	1	14	15	NA	NA	NA	NA	NA	1	NA	1	1	11	15	NA	NA	NA	NA
SAMN05605423	NA	1	NA	1	1	14	15	NA	NA	NA	NA	NA	1	NA	1	1	11	15	NA	NA	NA	NA
SAMN05605426	NA	NA	NA	1	NA	4	NA	1	1	NA	NA	NA	NA	NA	1	NA	1	NA	1	1	NA	NA
SAMN05605428	NA	NA	NA	1	NA	7	NA	1	1	NA	NA	NA	NA	NA	1	NA	1	NA	1	1	NA	NA
SAMN05605430	NA	NA	NA	1	1	2	NA	1	NA	17	NA	NA	NA	NA	1	1	1	NA	1	NA	17	NA
SAMN05655883	NA	NA	NA	1	NA	NA	NA	NA	NA	NA	NA	NA	NA	NA	1	NA	NA	NA	NA	NA	NA	NA
SAMN05655961	NA	NA	NA	3	1	NA	15	6	NA	NA	NA	NA	NA	NA	1	1	NA	15	6	NA	NA	NA
SAMN05655980	NA	1	NA	NA	2	11	1	NA	NA	NA	NA	NA	1	NA	NA	1	10	1	NA	NA	NA	NA
SAMN05757714	NA	1	NA	1	1	10	15	NA	NA	NA	NA	NA	1	NA	1	1	10	15	NA	NA	NA	NA
SAMN05757735	NA	NA	1	NA	1	10	NA	NA	NA	NA	NA	NA	NA	1	NA	1	10	NA	NA	NA	NA	NA
SAMN05757738	NA	NA	1	NA	1	10	NA	NA	NA	NA	NA	NA	NA	1	NA	1	10	NA	NA	NA	NA	NA
SAMN05757740	NA	NA	1	NA	1	10	NA	NA	NA	NA	NA	NA	NA	1	NA	1	10	NA	NA	NA	NA	NA
SAMN05757741	NA	NA	1	NA	1	10	NA	NA	NA	NA	NA	NA	NA	1	NA	1	10	NA	NA	NA	NA	NA
SAMN05757745	NA	1	NA	1	1	10	15	NA	NA	NA	NA	NA	1	NA	1	1	10	15	NA	NA	NA	NA
SAMN05789714	NA	NA	NA	1	NA	NA	NA	NA	NA	NA	NA	NA	NA	NA	1	NA	NA	NA	NA	NA	NA	NA
SAMN05789715	NA	NA	1	NA	2	10	NA	6	NA	NA	NA	NA	NA	1	NA	1	10	NA	6	NA	NA	NA
SAMN05789719	NA	1	NA	NA	2	11	1	NA	NA	NA	NA	NA	1	NA	NA	1	10	1	NA	NA	NA	NA
SAMN05789722	NA	NA	1	1	1	10	NA	NA	NA	NA	NA	NA	NA	1	1	1	9	NA	NA	NA	NA	NA
SAMN05829269	NA	1	NA	1	2	10	15	1	NA	18	NA	NA	1	NA	1	1	10	15	1	NA	18	NA
SAMN05859954	NA	1	NA	2	1	12	5	7	NA	NA	NA	NA	1	NA	1	1	11	5	6	NA	NA	NA
SAMN05859955	NA	NA	NA	2	2	1	5	7	NA	NA	NA	NA	NA	NA	1	1	1	5	6	NA	NA	NA
SAMN05859956	NA	NA	NA	2	1	1	5	7	NA	NA	NA	NA	NA	NA	1	1	1	5	6	NA	NA	NA
SAMN05859958	NA	NA	NA	2	1	1	5	7	NA	NA	NA	NA	NA	NA	1	1	1	5	6	NA	NA	NA
SAMN05859962	NA	NA	NA	2	1	1	5	7	NA	NA	NA	NA	NA	NA	1	1	1	5	6	NA	NA	NA
SAMN06005810	NA	NA	NA	2	NA	3	NA	1	NA	NA	NA	NA	NA	NA	1	NA	1	NA	1	NA	NA	NA
SAMN06005817	NA	1	NA	1	1	14	NA	NA	NA	NA	NA	NA	1	NA	1	1	11	NA	NA	NA	NA	NA
SAMN06005819	NA	NA	NA	1	NA	2	NA	1	1	NA	NA	NA	NA	NA	1	NA	1	NA	1	1	NA	NA
SAMN06005821	NA	NA	NA	NA	NA	3	NA	NA	NA	NA	NA	NA	NA	NA	NA	NA	1	NA	NA	NA	NA	NA
SAMN06005823	NA	1	NA	1	1	14	NA	NA	NA	NA	NA	NA	1	NA	1	1	11	NA	NA	NA	NA	NA
SAMN06005825	NA	NA	NA	NA	NA	3	NA	NA	NA	NA	NA	NA	NA	NA	NA	NA	1	NA	NA	NA	NA	NA
SAMN06005831	NA	NA	NA	1	NA	2	NA	1	NA	NA	NA	NA	NA	NA	1	NA	1	NA	1	NA	NA	NA
SAMN06005833	NA	NA	NA	2	1	2	NA	5	NA	NA	NA	NA	NA	NA	1	1	1	NA	5	NA	NA	NA
SAMN06005834	NA	NA	NA	2	1	2	NA	5	NA	NA	NA	NA	NA	NA	1	1	1	NA	5	NA	NA	NA
SAMN06005835	NA	NA	NA	2	NA	2	2	NA	NA	NA	NA	NA	NA	NA	1	NA	1	2	NA	NA	NA	NA
SAMN06005836	NA	NA	NA	1	NA	3	13	NA	NA	NA	NA	NA	NA	NA	1	NA	1	13	NA	NA	NA	NA
SAMN06005841	NA	NA	NA	1	NA	3	NA	1	NA	NA	NA	NA	NA	NA	1	NA	1	NA	1	NA	NA	NA
SAMN06005845	NA	NA	NA	NA	NA	2	NA	NA	NA	NA	NA	NA	NA	NA	NA	NA	1	NA	NA	NA	NA	NA
SAMN06005850	NA	NA	NA	2	NA	2	NA	1	NA	NA	NA	NA	NA	NA	1	NA	1	NA	1	NA	NA	NA
SAMN06005853	NA	NA	NA	1	NA	2	NA	1	NA	NA	NA	NA	NA	NA	1	NA	1	NA	1	NA	NA	NA
SAMN06005854	NA	NA	NA	2	NA	2	NA	NA	NA	NA	NA	NA	NA	NA	1	NA	1	NA	NA	NA	NA	NA
SAMN06005855	NA	NA	NA	2	NA	2	NA	1	NA	NA	NA	NA	NA	NA	1	NA	1	NA	1	NA	NA	NA
SAMN06005869	NA	NA	NA	NA	NA	3	NA	NA	NA	NA	NA	NA	NA	NA	NA	NA	1	NA	NA	NA	NA	NA
SAMN06005871	NA	NA	NA	1	1	3	NA	4	NA	NA	NA	NA	NA	NA	1	1	1	NA	4	NA	NA	NA
SAMN06005875	NA	NA	NA	1	NA	2	NA	NA	NA	NA	NA	NA	NA	NA	1	NA	1	NA	NA	NA	NA	NA
SAMN06005880	NA	NA	NA	NA	NA	3	NA	NA	NA	NA	NA	NA	NA	NA	NA	NA	1	NA	NA	NA	NA	NA
SAMN06005883	NA	1	NA	1	1	12	NA	NA	NA	NA	NA	NA	1	NA	1	1	11	NA	NA	NA	NA	NA
SAMN06005888	NA	1	NA	1	1	14	NA	NA	NA	NA	NA	NA	1	NA	1	1	11	NA	NA	NA	NA	NA
SAMN06005893	NA	NA	NA	2	1	6	NA	NA	NA	NA	NA	NA	NA	NA	1	1	4	NA	NA	NA	NA	NA
SAMN06126430	NA	1	NA	NA	1	2	NA	NA	NA	NA	NA	NA	1	NA	NA	1	2	NA	NA	NA	NA	NA
SAMN06126433	NA	1	1	3	3	25	15	8	1	NA	NA	NA	1	1	1	1	12	15	4	1	NA	NA
SAMN06159503	NA	NA	NA	1	NA	2	NA	1	1	NA	NA	NA	NA	NA	1	NA	1	NA	1	1	NA	NA
SAMN06159505	NA	NA	NA	2	NA	5	NA	1	NA	NA	NA	NA	NA	NA	1	NA	1	NA	1	NA	NA	NA
SAMN06220077	NA	1	NA	1	NA	5	NA	2	NA	NA	NA	NA	1	NA	1	NA	3	NA	2	NA	NA	NA
SAMN06220079	NA	1	NA	2	1	14	NA	NA	1	NA	NA	NA	1	NA	1	1	11	NA	NA	1	NA	NA
SAMN06220084	NA	1	NA	NA	1	12	NA	NA	NA	NA	NA	NA	1	NA	NA	1	10	NA	NA	NA	NA	NA
SAMN06220085	NA	NA	NA	3	NA	3	NA	NA	1	NA	NA	NA	NA	NA	1	NA	1	NA	NA	1	NA	NA
SAMN06220087	NA	NA	NA	2	NA	3	NA	NA	NA	NA	NA	NA	NA	NA	1	NA	1	NA	NA	NA	NA	NA
SAMN06220092	NA	1	NA	1	NA	5	NA	2	NA	NA	NA	NA	1	NA	1	NA	3	NA	2	NA	NA	NA
SAMN06220104	NA	NA	NA	1	NA	4	NA	NA	1	NA	NA	NA	NA	NA	1	NA	1	NA	NA	1	NA	NA
SAMN06220106	NA	1	NA	1	NA	5	NA	2	NA	NA	NA	NA	1	NA	1	NA	3	NA	2	NA	NA	NA
SAMN06220109	NA	1	NA	1	NA	3	NA	2	NA	NA	NA	NA	1	NA	1	NA	3	NA	2	NA	NA	NA
SAMN06220111	NA	NA	NA	2	NA	5	NA	NA	NA	NA	NA	NA	NA	NA	1	NA	1	NA	NA	NA	NA	NA
SAMN06220112	NA	NA	NA	1	NA	1	NA	NA	NA	NA	NA	NA	NA	NA	1	NA	1	NA	NA	NA	NA	NA
SAMN06220113	NA	NA	NA	1	NA	NA	NA	NA	NA	NA	NA	NA	NA	NA	1	NA	NA	NA	NA	NA	NA	NA
SAMN06220116	NA	NA	NA	1	NA	1	NA	NA	NA	NA	NA	NA	NA	NA	1	NA	1	NA	NA	NA	NA	NA
SAMN06220117	NA	NA	NA	1	NA	1	NA	NA	NA	NA	NA	NA	NA	NA	1	NA	1	NA	NA	NA	NA	NA
SAMN06220119	NA	1	NA	1	NA	12	NA	NA	NA	NA	NA	NA	1	NA	1	NA	10	NA	NA	NA	NA	NA
SAMN06220122	NA	3	NA	1	NA	16	NA	1	NA	NA	NA	NA	1	NA	1	NA	10	NA	1	NA	NA	NA
SAMN06220124	NA	NA	NA	1	NA	2	NA	NA	NA	NA	NA	NA	NA	NA	1	NA	1	NA	NA	NA	NA	NA
SAMN06220131	NA	1	1	2	2	12	NA	1	NA	18	NA	NA	1	1	1	1	10	NA	1	NA	18	NA
SAMN06220133	NA	1	NA	1	1	12	NA	NA	NA	NA	NA	NA	1	NA	1	1	10	NA	NA	NA	NA	NA
SAMN06220134	NA	1	NA	NA	2	12	NA	1	NA	18	NA	NA	1	NA	NA	1	10	NA	1	NA	18	NA
SAMN06220135	NA	1	NA	NA	2	12	NA	1	NA	18	NA	NA	1	NA	NA	1	10	NA	1	NA	18	NA
SAMN06461736	NA	NA	NA	NA	NA	NA	NA	2	NA	NA	NA	NA	NA	NA	NA	NA	NA	NA	2	NA	NA	NA
SAMN06555242	NA	NA	NA	1	NA	NA	NA	NA	NA	NA	NA	NA	NA	NA	1	NA	NA	NA	NA	NA	NA	NA
SAMN06645802	NA	NA	NA	1	1	1	15	6	NA	NA	NA	NA	NA	NA	1	1	1	15	6	NA	NA	NA
SAMN06689618	NA	1	NA	1	1	12	NA	NA	NA	NA	NA	NA	1	NA	1	1	10	NA	NA	NA	NA	NA
SAMN06689619	NA	NA	NA	1	NA	2	NA	NA	NA	NA	NA	NA	NA	NA	1	NA	1	NA	NA	NA	NA	NA
SAMN06689620	NA	NA	NA	1	NA	2	NA	NA	NA	NA	NA	NA	NA	NA	1	NA	1	NA	NA	NA	NA	NA
SAMN06689622	NA	NA	NA	1	NA	2	NA	NA	NA	NA	NA	NA	NA	NA	1	NA	1	NA	NA	NA	NA	NA
SAMN06689623	NA	1	NA	NA	1	10	NA	NA	NA	NA	NA	NA	1	NA	NA	1	10	NA	NA	NA	NA	NA
SAMN06700868	NA	1	NA	1	1	10	15	1	NA	NA	NA	NA	1	NA	1	1	10	15	1	NA	NA	NA
SAMN06712424	NA	2	NA	NA	2	20	NA	NA	NA	NA	NA	NA	1	NA	NA	1	10	NA	NA	NA	NA	NA
SAMN06712425	1	1	NA	NA	3	10	NA	11	NA	NA	NA	1	1	NA	NA	1	10	NA	6	NA	NA	NA
SAMN06712431	NA	NA	NA	1	NA	2	NA	NA	NA	NA	NA	NA	NA	NA	1	NA	1	NA	NA	NA	NA	NA
SAMN07197387	NA	1	NA	NA	1	13	NA	NA	NA	NA	NA	NA	1	NA	NA	1	10	NA	NA	NA	NA	NA
SAMN07197390	NA	1	NA	1	1	12	12	NA	NA	NA	NA	NA	1	NA	1	1	10	12	NA	NA	NA	NA
SAMN07229622	1	1	NA	NA	2	11	NA	3	1	NA	NA	1	1	NA	NA	1	10	NA	3	1	NA	NA
SAMN07229639	NA	NA	NA	1	1	8	15	1	NA	NA	NA	NA	NA	NA	1	1	5	15	1	NA	NA	NA
SAMN07283930	1	NA	NA	1	1	NA	NA	4	NA	NA	NA	1	NA	NA	1	1	NA	NA	3	NA	NA	NA
SAMN07283931	NA	1	NA	NA	1	12	NA	1	NA	NA	NA	NA	1	NA	NA	1	10	NA	1	NA	NA	NA
SAMN07291231	NA	1	NA	NA	1	10	NA	NA	1	NA	NA	NA	1	NA	NA	1	10	NA	NA	1	NA	NA
SAMN07291232	NA	1	NA	NA	2	11	NA	7	NA	NA	NA	NA	1	NA	NA	1	10	NA	6	NA	NA	NA
SAMN07371045	NA	NA	NA	NA	NA	5	NA	NA	NA	NA	NA	NA	NA	NA	NA	NA	1	NA	NA	NA	NA	NA
SAMN07371046	NA	NA	1	NA	1	9	NA	1	NA	NA	NA	NA	NA	1	NA	1	9	NA	1	NA	NA	NA
SAMN07371047	NA	1	NA	1	2	10	15	6	2	NA	NA	NA	1	NA	1	1	10	15	6	1	NA	NA
SAMN07371048	1	NA	NA	NA	2	NA	NA	11	NA	NA	NA	1	NA	NA	NA	1	NA	NA	6	NA	NA	NA
SAMN07371049	NA	NA	NA	2	NA	NA	15	NA	NA	NA	NA	NA	NA	NA	1	NA	NA	15	NA	NA	NA	NA
SAMN07371050	NA	1	2	NA	2	21	NA	NA	NA	NA	NA	NA	1	1	NA	1	11	NA	NA	NA	NA	NA
SAMN07374662	NA	1	NA	1	1	12	NA	1	2	NA	NA	NA	1	NA	1	1	10	NA	1	1	NA	NA
SAMN07374664	NA	1	NA	NA	1	10	NA	1	NA	NA	NA	NA	1	NA	NA	1	10	NA	1	NA	NA	NA
SAMN07374666	NA	1	NA	NA	1	10	NA	NA	NA	NA	NA	NA	1	NA	NA	1	10	NA	NA	NA	NA	NA
SAMN07374667	NA	1	NA	2	NA	5	15	NA	NA	NA	NA	NA	1	NA	1	NA	3	15	NA	NA	NA	NA
SAMN07410330	NA	1	NA	1	NA	14	NA	1	NA	5	NA	NA	1	NA	1	NA	3	NA	1	NA	5	NA
SAMN07410333	NA	1	NA	2	1	11	15	1	NA	NA	NA	NA	1	NA	1	1	10	15	1	NA	NA	NA
SAMN07410335	NA	NA	NA	1	NA	3	15	1	NA	NA	NA	NA	NA	NA	1	NA	3	15	1	NA	NA	NA
SAMN07410344	NA	NA	NA	1	NA	NA	NA	1	NA	NA	NA	NA	NA	NA	1	NA	NA	NA	1	NA	NA	NA
SAMN07411238	NA	1	NA	NA	1	10	NA	1	NA	NA	NA	NA	1	NA	NA	1	10	NA	1	NA	NA	NA
SAMN07440313	NA	NA	NA	2	NA	NA	14	NA	1	NA	NA	NA	NA	NA	1	NA	NA	14	NA	1	NA	NA
SAMN07440315	NA	1	NA	NA	1	11	NA	NA	NA	NA	NA	NA	1	NA	NA	1	10	NA	NA	NA	NA	NA
SAMN07450949	NA	NA	NA	1	NA	NA	NA	NA	NA	NA	NA	NA	NA	NA	1	NA	NA	NA	NA	NA	NA	NA
SAMN07450951	NA	1	NA	1	1	3	NA	6	2	NA	NA	NA	1	NA	1	1	3	NA	6	1	NA	NA
SAMN07450952	NA	1	NA	2	1	10	15	1	NA	NA	NA	NA	1	NA	1	1	10	15	1	NA	NA	NA
SAMN07450955	NA	1	NA	1	1	16	14	NA	NA	NA	NA	NA	1	NA	1	1	10	14	NA	NA	NA	NA
SAMN07450956	NA	NA	NA	1	NA	1	NA	NA	NA	NA	NA	NA	NA	NA	1	NA	1	NA	NA	NA	NA	NA
SAMN07450958	NA	NA	NA	1	1	1	NA	6	NA	NA	NA	NA	NA	NA	1	1	1	NA	6	NA	NA	NA
SAMN07537101	NA	1	NA	1	1	10	2	6	NA	NA	NA	NA	1	NA	1	1	10	2	6	NA	NA	NA
SAMN07537105	NA	NA	NA	1	NA	NA	NA	1	NA	NA	NA	NA	NA	NA	1	NA	NA	NA	1	NA	NA	NA
SAMN07537107	NA	1	NA	2	1	10	NA	NA	NA	NA	NA	NA	1	NA	1	1	10	NA	NA	NA	NA	NA
SAMN07537143	NA	NA	NA	NA	NA	NA	NA	NA	1	NA	NA	NA	NA	NA	NA	NA	NA	NA	NA	1	NA	NA
SAMN07537146	NA	1	NA	NA	2	5	NA	7	3	NA	NA	NA	1	NA	NA	1	4	NA	6	1	NA	NA
SAMN07537148	NA	NA	NA	1	1	NA	NA	5	1	NA	NA	NA	NA	NA	1	1	NA	NA	5	1	NA	NA
SAMN07537151	NA	NA	NA	1	NA	NA	NA	NA	NA	NA	NA	NA	NA	NA	1	NA	NA	NA	NA	NA	NA	NA
SAMN07608069	NA	1	NA	1	NA	4	NA	6	1	NA	NA	NA	1	NA	1	NA	4	NA	6	1	NA	NA
SAMN07608071	NA	1	NA	NA	1	10	NA	NA	NA	NA	NA	NA	1	NA	NA	1	10	NA	NA	NA	NA	NA
SAMN07608072	NA	3	NA	2	1	15	NA	NA	NA	NA	NA	NA	1	NA	1	1	10	NA	NA	NA	NA	NA
SAMN07608075	NA	1	NA	NA	1	10	NA	NA	NA	NA	NA	NA	1	NA	NA	1	10	NA	NA	NA	NA	NA
SAMN07645983	NA	1	NA	NA	1	10	NA	NA	1	NA	NA	NA	1	NA	NA	1	10	NA	NA	1	NA	NA
SAMN07645984	NA	1	NA	2	1	10	15	NA	NA	NA	NA	NA	1	NA	1	1	10	15	NA	NA	NA	NA
SAMN07645985	NA	1	NA	2	1	10	NA	NA	NA	NA	NA	NA	1	NA	1	1	10	NA	NA	NA	NA	NA
SAMN07645987	NA	NA	NA	NA	NA	1	NA	NA	NA	NA	NA	NA	NA	NA	NA	NA	1	NA	NA	NA	NA	NA
SAMN07645989	NA	NA	NA	1	NA	NA	15	NA	NA	NA	NA	NA	NA	NA	1	NA	NA	15	NA	NA	NA	NA
SAMN07645991	NA	1	NA	NA	1	10	NA	NA	1	NA	NA	NA	1	NA	NA	1	10	NA	NA	1	NA	NA
SAMN07645993	NA	NA	NA	1	NA	NA	15	NA	NA	NA	NA	NA	NA	NA	1	NA	NA	15	NA	NA	NA	NA
SAMN07645994	NA	1	NA	3	6	15	12	8	NA	31	NA	NA	1	NA	1	1	10	12	6	NA	18	NA
SAMN07665807	NA	NA	NA	NA	NA	NA	NA	NA	1	NA	NA	NA	NA	NA	NA	NA	NA	NA	NA	1	NA	NA
SAMN07665811	NA	1	NA	NA	1	10	NA	NA	NA	NA	NA	NA	1	NA	NA	1	10	NA	NA	NA	NA	NA
SAMN07722632	NA	1	NA	2	2	10	15	6	1	NA	NA	NA	1	NA	1	1	10	15	6	1	NA	NA
SAMN07722646	NA	2	NA	2	3	21	NA	NA	NA	NA	NA	NA	1	NA	1	1	10	NA	NA	NA	NA	NA
SAMN07722649	NA	NA	NA	2	NA	1	NA	NA	NA	NA	NA	NA	NA	NA	1	NA	1	NA	NA	NA	NA	NA
SAMN07722650	NA	1	NA	1	1	15	2	NA	1	NA	NA	NA	1	NA	1	1	8	2	NA	1	NA	NA
SAMN07722652	1	2	NA	3	2	17	12	1	NA	18	NA	1	1	NA	1	1	10	12	1	NA	18	NA
SAMN07722654	1	NA	NA	1	2	9	NA	4	NA	NA	NA	1	NA	NA	1	1	9	NA	3	NA	NA	NA
SAMN07747733	NA	1	NA	NA	1	10	NA	NA	NA	NA	NA	NA	1	NA	NA	1	10	NA	NA	NA	NA	NA
SAMN07747736	NA	1	NA	1	1	12	NA	NA	NA	NA	NA	NA	1	NA	1	1	10	NA	NA	NA	NA	NA
SAMN07747738	NA	1	NA	NA	1	10	NA	NA	NA	NA	NA	NA	1	NA	NA	1	10	NA	NA	NA	NA	NA
SAMN07747746	NA	1	NA	NA	1	11	NA	NA	NA	NA	NA	NA	1	NA	NA	1	10	NA	NA	NA	NA	NA
SAMN07747757	NA	1	NA	1	1	11	NA	1	NA	NA	NA	NA	1	NA	1	1	11	NA	1	NA	NA	NA
SAMN07747760	NA	NA	NA	1	NA	4	15	NA	NA	NA	NA	NA	NA	NA	1	NA	1	15	NA	NA	NA	NA
SAMN07747782	NA	1	NA	1	NA	5	NA	1	NA	NA	NA	NA	1	NA	1	NA	3	NA	1	NA	NA	NA
SAMN07747791	NA	1	NA	NA	1	11	NA	NA	NA	NA	NA	NA	1	NA	NA	1	10	NA	NA	NA	NA	NA
SAMN07747804	NA	1	NA	2	1	13	15	NA	NA	NA	NA	NA	1	NA	1	1	10	15	NA	NA	NA	NA
SAMN07747806	NA	NA	NA	1	NA	NA	NA	NA	NA	NA	NA	NA	NA	NA	1	NA	NA	NA	NA	NA	NA	NA
SAMN07781657	NA	NA	NA	NA	NA	3	NA	NA	NA	NA	NA	NA	NA	NA	NA	NA	1	NA	NA	NA	NA	NA
SAMN07781658	NA	1	NA	NA	1	15	NA	NA	NA	NA	NA	NA	1	NA	NA	1	11	NA	NA	NA	NA	NA
SAMN07781663	NA	1	NA	NA	1	15	NA	NA	NA	NA	NA	NA	1	NA	NA	1	11	NA	NA	NA	NA	NA
SAMN07781666	NA	1	NA	NA	1	17	NA	NA	NA	NA	NA	NA	1	NA	NA	1	11	NA	NA	NA	NA	NA
SAMN07781674	NA	NA	NA	NA	NA	2	NA	NA	NA	NA	NA	NA	NA	NA	NA	NA	1	NA	NA	NA	NA	NA
SAMN07781675	NA	1	NA	NA	NA	3	NA	1	1	NA	NA	NA	1	NA	NA	NA	2	NA	1	1	NA	NA
SAMN07781676	NA	NA	NA	NA	NA	2	NA	1	1	NA	NA	NA	NA	NA	NA	NA	1	NA	1	1	NA	NA
SAMN07781681	NA	NA	1	2	1	2	NA	1	2	21	NA	NA	NA	1	1	1	1	NA	1	1	17	NA
SAMN07781682	NA	1	1	3	1	4	15	1	2	18	NA	NA	1	1	1	1	3	15	1	1	17	NA
SAMN07781684	NA	1	NA	1	1	13	NA	NA	1	NA	NA	NA	1	NA	1	1	11	NA	NA	1	NA	NA
SAMN07781696	NA	1	NA	1	2	23	NA	NA	NA	NA	NA	NA	1	NA	1	1	11	NA	NA	NA	NA	NA
SAMN07781701	NA	NA	NA	NA	NA	3	NA	1	NA	NA	NA	NA	NA	NA	NA	NA	1	NA	1	NA	NA	NA
SAMN07781711	NA	NA	NA	NA	NA	7	NA	NA	NA	NA	NA	NA	NA	NA	NA	NA	1	NA	NA	NA	NA	NA
SAMN07781715	NA	NA	NA	NA	NA	2	NA	NA	NA	NA	NA	NA	NA	NA	NA	NA	1	NA	NA	NA	NA	NA
SAMN07781717	NA	NA	NA	NA	NA	2	NA	NA	NA	NA	NA	NA	NA	NA	NA	NA	1	NA	NA	NA	NA	NA
SAMN07781721	NA	NA	NA	1	NA	1	15	NA	1	NA	NA	NA	NA	NA	1	NA	1	15	NA	1	NA	NA
SAMN07781725	NA	NA	NA	NA	NA	2	NA	NA	NA	NA	NA	NA	NA	NA	NA	NA	1	NA	NA	NA	NA	NA
SAMN07839404	NA	NA	NA	1	NA	1	NA	1	NA	NA	NA	NA	NA	NA	1	NA	1	NA	1	NA	NA	NA
SAMN07839409	NA	1	NA	NA	1	11	NA	1	NA	NA	NA	NA	1	NA	NA	1	10	NA	1	NA	NA	NA
SAMN07839410	NA	1	NA	NA	1	10	NA	NA	1	NA	NA	NA	1	NA	NA	1	10	NA	NA	1	NA	NA
SAMN07839413	NA	NA	NA	1	NA	NA	NA	NA	NA	NA	NA	NA	NA	NA	1	NA	NA	NA	NA	NA	NA	NA
SAMN07839418	NA	1	NA	1	1	11	NA	1	NA	NA	NA	NA	1	NA	1	1	10	NA	1	NA	NA	NA
SAMN07839419	1	NA	NA	NA	1	1	NA	5	1	NA	NA	1	NA	NA	NA	1	1	NA	4	1	NA	NA
SAMN07839421	NA	1	NA	1	1	10	15	NA	NA	NA	NA	NA	1	NA	1	1	10	15	NA	NA	NA	NA
SAMN07839424	NA	1	NA	NA	1	10	NA	NA	NA	NA	NA	NA	1	NA	NA	1	10	NA	NA	NA	NA	NA
SAMN07839427	NA	1	NA	2	2	10	NA	13	NA	NA	NA	NA	1	NA	1	1	10	NA	9	NA	NA	NA
SAMN07839429	NA	NA	NA	NA	NA	2	NA	NA	NA	NA	NA	NA	NA	NA	NA	NA	1	NA	NA	NA	NA	NA
SAMN07839432	NA	NA	NA	1	NA	NA	NA	NA	NA	NA	NA	NA	NA	NA	1	NA	NA	NA	NA	NA	NA	NA
SAMN07955775	NA	2	NA	1	1	10	NA	1	1	NA	NA	NA	1	NA	1	1	10	NA	1	1	NA	NA
SAMN07955781	NA	1	NA	NA	1	10	NA	1	NA	NA	NA	NA	1	NA	NA	1	10	NA	1	NA	NA	NA
SAMN07955783	NA	3	NA	NA	1	15	NA	NA	1	NA	NA	NA	1	NA	NA	1	11	NA	NA	1	NA	NA
SAMN07955797	NA	1	NA	1	1	10	NA	NA	NA	NA	NA	NA	1	NA	1	1	10	NA	NA	NA	NA	NA
SAMN07955806	NA	1	NA	1	NA	4	15	NA	2	NA	NA	NA	1	NA	1	NA	4	15	NA	1	NA	NA
SAMN07955809	NA	NA	NA	NA	NA	2	NA	NA	NA	NA	NA	NA	NA	NA	NA	NA	1	NA	NA	NA	NA	NA
SAMN07989023	NA	1	NA	NA	1	12	NA	NA	NA	NA	NA	NA	1	NA	NA	1	10	NA	NA	NA	NA	NA
SAMN08025037	NA	NA	NA	NA	NA	NA	NA	NA	1	NA	NA	NA	NA	NA	NA	NA	NA	NA	NA	1	NA	NA
SAMN08025038	NA	1	NA	1	3	9	NA	12	NA	NA	NA	NA	1	NA	1	1	7	NA	6	NA	NA	NA
SAMN08025040	NA	NA	NA	2	NA	NA	NA	1	1	NA	NA	NA	NA	NA	1	NA	NA	NA	1	1	NA	NA
SAMN08025044	NA	1	NA	1	1	13	15	NA	NA	NA	NA	NA	1	NA	1	1	10	15	NA	NA	NA	NA
SAMN08025047	NA	1	NA	1	2	11	NA	6	NA	NA	NA	NA	1	NA	1	1	10	NA	6	NA	NA	NA
SAMN08025049	NA	1	NA	NA	1	10	NA	NA	NA	NA	NA	NA	1	NA	NA	1	10	NA	NA	NA	NA	NA
SAMN08025050	NA	1	NA	2	1	13	NA	NA	NA	NA	NA	NA	1	NA	1	1	10	NA	NA	NA	NA	NA
SAMN08025054	NA	1	NA	NA	1	10	NA	1	NA	NA	NA	NA	1	NA	NA	1	10	NA	1	NA	NA	NA
SAMN08025056	NA	1	NA	2	1	11	15	1	NA	NA	NA	NA	1	NA	1	1	10	15	1	NA	NA	NA
SAMN08051577	NA	1	NA	NA	1	10	NA	NA	1	NA	NA	NA	1	NA	NA	1	10	NA	NA	1	NA	NA
SAMN08051579	NA	1	NA	NA	1	10	NA	1	NA	NA	NA	NA	1	NA	NA	1	10	NA	1	NA	NA	NA
SAMN08051580	NA	1	NA	2	2	10	15	7	1	NA	NA	NA	1	NA	1	1	10	15	6	1	NA	NA
SAMN08051582	NA	1	NA	2	1	10	NA	1	NA	NA	NA	NA	1	NA	1	1	10	NA	1	NA	NA	NA
SAMN08052682	NA	1	NA	NA	1	10	NA	NA	NA	NA	NA	NA	1	NA	NA	1	10	NA	NA	NA	NA	NA
SAMN08146168	NA	1	NA	1	2	10	NA	4	NA	NA	NA	NA	1	NA	1	1	10	NA	4	NA	NA	NA
SAMN08146171	NA	1	NA	1	1	10	NA	1	NA	NA	NA	NA	1	NA	1	1	10	NA	1	NA	NA	NA
SAMN08146174	NA	1	NA	1	1	10	NA	1	NA	NA	NA	NA	1	NA	1	1	10	NA	1	NA	NA	NA
SAMN08146176	NA	1	1	1	2	10	NA	4	NA	NA	NA	NA	1	1	1	1	10	NA	4	NA	NA	NA
SAMN08146178	NA	1	NA	2	1	14	15	NA	2	NA	NA	NA	1	NA	1	1	10	15	NA	1	NA	NA
SAMN08146185	NA	1	NA	2	1	11	15	NA	NA	NA	NA	NA	1	NA	1	1	10	15	NA	NA	NA	NA
SAMN08146192	NA	1	NA	2	1	12	15	NA	1	NA	NA	NA	1	NA	1	1	10	15	NA	1	NA	NA
SAMN08146194	1	3	NA	1	1	20	NA	4	NA	NA	NA	1	1	NA	1	1	11	NA	4	NA	NA	NA
SAMN08146203	NA	1	1	NA	1	12	NA	NA	NA	NA	NA	NA	1	1	NA	1	10	NA	NA	NA	NA	NA
SAMN08146204	NA	1	NA	1	1	10	5	NA	1	NA	NA	NA	1	NA	1	1	10	5	NA	1	NA	NA
SAMN08146262	NA	1	1	1	1	12	15	NA	1	NA	NA	NA	1	1	1	1	10	15	NA	1	NA	NA
SAMN08146263	NA	1	NA	NA	1	10	NA	1	NA	NA	NA	NA	1	NA	NA	1	10	NA	1	NA	NA	NA
SAMN08146264	NA	1	NA	1	1	10	5	NA	1	NA	NA	NA	1	NA	1	1	10	5	NA	1	NA	NA
SAMN08146274	NA	1	NA	1	1	10	5	NA	1	NA	NA	NA	1	NA	1	1	10	5	NA	1	NA	NA
SAMN08146276	NA	1	NA	1	1	10	15	1	1	NA	NA	NA	1	NA	1	1	10	15	1	1	NA	NA
SAMN08146279	NA	1	NA	1	1	10	15	NA	1	NA	NA	NA	1	NA	1	1	10	15	NA	1	NA	NA
SAMN08146282	NA	1	NA	1	1	10	5	NA	1	NA	NA	NA	1	NA	1	1	10	5	NA	1	NA	NA
SAMN08146294	NA	1	1	2	1	12	NA	NA	NA	NA	NA	NA	1	1	1	1	10	NA	NA	NA	NA	NA
SAMN08146296	NA	1	NA	1	1	10	NA	1	1	NA	NA	NA	1	NA	1	1	10	NA	1	1	NA	NA
SAMN08146301	NA	2	NA	NA	3	18	NA	NA	NA	NA	NA	NA	1	NA	NA	1	10	NA	NA	NA	NA	NA
SAMN08146303	NA	1	NA	1	1	10	5	NA	1	NA	NA	NA	1	NA	1	1	10	5	NA	1	NA	NA
SAMN08146304	NA	1	NA	1	NA	NA	15	NA	1	NA	NA	NA	1	NA	1	NA	NA	15	NA	1	NA	NA
SAMN08146305	NA	1	NA	NA	1	11	NA	NA	NA	NA	NA	NA	1	NA	NA	1	10	NA	NA	NA	NA	NA
SAMN08146308	NA	1	NA	1	NA	NA	15	NA	1	NA	NA	NA	1	NA	1	NA	NA	15	NA	1	NA	NA
SAMN08146311	NA	1	NA	1	1	10	6	NA	1	NA	NA	NA	1	NA	1	1	10	5	NA	1	NA	NA
SAMN08146312	NA	1	1	1	1	12	NA	1	NA	NA	NA	NA	1	1	1	1	10	NA	1	NA	NA	NA
SAMN08146313	NA	3	1	1	1	15	15	NA	NA	NA	NA	NA	1	1	1	1	10	15	NA	NA	NA	NA
SAMN08146314	NA	1	NA	1	1	10	5	NA	1	NA	NA	NA	1	NA	1	1	10	5	NA	1	NA	NA
SAMN08146317	NA	1	NA	1	1	13	15	NA	NA	2	NA	NA	1	NA	1	1	10	15	NA	NA	1	NA
SAMN08167534	NA	1	NA	1	1	12	15	1	NA	NA	NA	NA	1	NA	1	1	10	15	1	NA	NA	NA
SAMN08167608	NA	1	NA	NA	1	10	NA	NA	NA	NA	NA	NA	1	NA	NA	1	10	NA	NA	NA	NA	NA
SAMN08167609	NA	NA	NA	NA	NA	2	NA	NA	NA	NA	NA	NA	NA	NA	NA	NA	1	NA	NA	NA	NA	NA
SAMN08167632	NA	NA	NA	1	NA	NA	NA	NA	NA	NA	NA	NA	NA	NA	1	NA	NA	NA	NA	NA	NA	NA
SAMN08167633	NA	1	NA	NA	NA	2	NA	NA	NA	NA	NA	NA	1	NA	NA	NA	2	NA	NA	NA	NA	NA
SAMN08167634	NA	1	NA	NA	1	10	NA	1	1	NA	NA	NA	1	NA	NA	1	10	NA	1	1	NA	NA
SAMN08182231	NA	NA	NA	NA	1	NA	NA	5	NA	NA	NA	NA	NA	NA	NA	1	NA	NA	5	NA	NA	NA
SAMN08182233	NA	1	NA	NA	1	11	13	NA	NA	NA	NA	NA	1	NA	NA	1	10	13	NA	NA	NA	NA
SAMN08182234	NA	NA	NA	1	NA	4	NA	NA	NA	NA	NA	NA	NA	NA	1	NA	1	NA	NA	NA	NA	NA
SAMN08182235	NA	NA	NA	NA	NA	1	NA	2	NA	NA	NA	NA	NA	NA	NA	NA	1	NA	2	NA	NA	NA
SAMN08182236	NA	NA	NA	NA	NA	NA	NA	NA	1	NA	NA	NA	NA	NA	NA	NA	NA	NA	NA	1	NA	NA
SAMN08226267	1	2	NA	1	4	20	15	5	1	NA	NA	1	1	NA	1	1	10	15	5	1	NA	NA
SAMN08226272	NA	1	NA	NA	2	10	2	5	3	NA	NA	NA	1	NA	NA	1	10	2	5	1	NA	NA
SAMN08226274	NA	NA	NA	2	NA	1	NA	NA	NA	NA	NA	NA	NA	NA	1	NA	1	NA	NA	NA	NA	NA
SAMN08272741	NA	1	NA	NA	1	11	NA	NA	1	NA	NA	NA	1	NA	NA	1	10	NA	NA	1	NA	NA
SAMN08272744	NA	1	1	NA	2	10	NA	2	NA	18	NA	NA	1	1	NA	1	10	NA	2	NA	18	NA
SAMN08272745	NA	1	NA	NA	1	11	NA	1	NA	NA	NA	NA	1	NA	NA	1	10	NA	1	NA	NA	NA
SAMN08272748	NA	NA	NA	5	1	1	15	7	2	NA	NA	NA	NA	NA	1	1	1	12	6	1	NA	NA
SAMN08289295	NA	3	NA	NA	2	22	NA	NA	NA	NA	NA	NA	1	NA	NA	1	10	NA	NA	NA	NA	NA
SAMN08289299	NA	NA	NA	1	1	2	NA	6	2	NA	NA	NA	NA	NA	1	1	2	NA	5	1	NA	NA
SAMN08289303	NA	2	NA	3	2	35	17	1	1	NA	NA	NA	1	NA	1	1	10	15	1	1	NA	NA
SAMN08289312	NA	NA	NA	1	NA	2	NA	NA	1	NA	NA	NA	NA	NA	1	NA	1	NA	NA	1	NA	NA
SAMN08289314	NA	1	NA	NA	1	10	NA	NA	NA	NA	NA	NA	1	NA	NA	1	10	NA	NA	NA	NA	NA
SAMN08289315	NA	4	NA	4	1	22	16	1	NA	NA	NA	NA	1	NA	1	1	12	15	1	NA	NA	NA
SAMN08347846	NA	1	NA	1	1	10	15	NA	NA	NA	NA	NA	1	NA	1	1	10	15	NA	NA	NA	NA
SAMN08347847	NA	2	NA	NA	2	12	NA	6	NA	NA	NA	NA	1	NA	NA	1	10	NA	6	NA	NA	NA
SAMN08347853	NA	3	NA	NA	2	20	NA	NA	NA	NA	NA	NA	1	NA	NA	1	10	NA	NA	NA	NA	NA
SAMN08347856	NA	NA	NA	1	1	11	15	1	2	NA	NA	NA	NA	NA	1	1	10	15	1	1	NA	NA
SAMN08347873	NA	NA	NA	NA	NA	1	NA	1	NA	NA	NA	NA	NA	NA	NA	NA	1	NA	1	NA	NA	NA
SAMN08347874	NA	NA	NA	1	NA	1	15	NA	1	NA	NA	NA	NA	NA	1	NA	1	15	NA	1	NA	NA
SAMN08355151	NA	NA	NA	1	1	2	NA	4	NA	NA	NA	NA	NA	NA	1	1	1	NA	4	NA	NA	NA
SAMN08362293	NA	NA	NA	NA	1	NA	NA	6	NA	NA	NA	NA	NA	NA	NA	1	NA	NA	6	NA	NA	NA
SAMN08362333	NA	1	NA	1	1	10	15	NA	NA	NA	NA	NA	1	NA	1	1	10	15	NA	NA	NA	NA
SAMN08362335	NA	NA	NA	1	NA	3	NA	NA	NA	NA	NA	NA	NA	NA	1	NA	1	NA	NA	NA	NA	NA
SAMN08362365	NA	NA	NA	1	NA	2	NA	3	NA	NA	NA	NA	NA	NA	1	NA	1	NA	3	NA	NA	NA
SAMN08362366	NA	1	NA	NA	1	10	NA	NA	NA	NA	NA	NA	1	NA	NA	1	10	NA	NA	NA	NA	NA
SAMN08380136	NA	1	NA	NA	1	12	NA	1	1	NA	NA	NA	1	NA	NA	1	10	NA	1	1	NA	NA
SAMN08380138	NA	1	NA	1	NA	5	NA	1	NA	NA	NA	NA	1	NA	1	NA	4	NA	1	NA	NA	NA
SAMN08380139	NA	2	NA	1	2	14	15	1	NA	NA	NA	NA	1	NA	1	1	10	15	1	NA	NA	NA
SAMN08380141	NA	1	NA	NA	3	17	NA	6	2	NA	1	NA	1	NA	NA	1	10	NA	6	1	NA	1
SAMN08380144	NA	1	NA	1	1	12	15	1	NA	NA	NA	NA	1	NA	1	1	10	15	1	NA	NA	NA
SAMN08387158	NA	NA	NA	1	NA	NA	NA	1	NA	NA	NA	NA	NA	NA	1	NA	NA	NA	1	NA	NA	NA
SAMN08387162	NA	1	1	NA	2	19	NA	NA	NA	NA	NA	NA	1	1	NA	1	11	NA	NA	NA	NA	NA
SAMN08387164	NA	1	NA	2	1	4	15	4	NA	NA	NA	NA	1	NA	1	1	4	15	3	NA	NA	NA
SAMN08387166	1	NA	NA	NA	1	3	13	5	NA	NA	NA	1	NA	NA	NA	1	1	13	5	NA	NA	NA
SAMN08472602	NA	3	NA	1	NA	18	NA	NA	NA	NA	NA	NA	1	NA	1	NA	10	NA	NA	NA	NA	NA
SAMN08472603	NA	1	NA	NA	1	11	2	NA	2	NA	NA	NA	1	NA	NA	1	10	2	NA	1	NA	NA
SAMN08472604	NA	NA	NA	NA	NA	1	NA	NA	NA	NA	NA	NA	NA	NA	NA	NA	1	NA	NA	NA	NA	NA
SAMN08472605	NA	NA	NA	1	2	2	15	7	NA	NA	NA	NA	NA	NA	1	1	2	15	6	NA	NA	NA
SAMN08472611	NA	NA	NA	1	NA	NA	NA	NA	NA	NA	NA	NA	NA	NA	1	NA	NA	NA	NA	NA	NA	NA
SAMN08472612	NA	NA	NA	NA	NA	1	NA	1	NA	NA	NA	NA	NA	NA	NA	NA	1	NA	1	NA	NA	NA
SAMN08500542	1	1	NA	2	2	12	15	4	NA	NA	NA	1	1	NA	1	1	10	15	4	NA	NA	NA
SAMN08500545	NA	1	NA	NA	1	10	NA	NA	NA	NA	NA	NA	1	NA	NA	1	10	NA	NA	NA	NA	NA
SAMN08500546	NA	1	NA	NA	1	10	NA	NA	NA	NA	NA	NA	1	NA	NA	1	10	NA	NA	NA	NA	NA
SAMN08500551	NA	NA	NA	NA	NA	NA	NA	NA	1	NA	NA	NA	NA	NA	NA	NA	NA	NA	NA	1	NA	NA
SAMN08522362	NA	NA	NA	NA	NA	4	2	1	NA	NA	NA	NA	NA	NA	NA	NA	3	2	1	NA	NA	NA
SAMN08522363	NA	1	NA	1	NA	1	NA	NA	1	NA	NA	NA	1	NA	1	NA	1	NA	NA	1	NA	NA
SAMN08522364	NA	1	NA	NA	1	11	NA	NA	NA	NA	NA	NA	1	NA	NA	1	11	NA	NA	NA	NA	NA
SAMN08522365	NA	1	1	1	1	27	2	1	NA	NA	NA	NA	1	1	1	1	11	2	1	NA	NA	NA
SAMN08522366	NA	NA	NA	1	NA	NA	NA	NA	3	NA	NA	NA	NA	NA	1	NA	NA	NA	NA	1	NA	NA
SAMN08581714	NA	1	NA	1	1	11	3	NA	1	NA	NA	NA	1	NA	1	1	10	2	NA	1	NA	NA
SAMN08581716	NA	1	NA	1	1	11	15	NA	NA	NA	NA	NA	1	NA	1	1	10	15	NA	NA	NA	NA
SAMN08581720	NA	NA	NA	2	NA	3	NA	NA	NA	NA	NA	NA	NA	NA	1	NA	1	NA	NA	NA	NA	NA
SAMN08581897	NA	1	1	1	2	10	16	1	2	18	NA	NA	1	1	1	1	10	15	1	1	18	NA
SAMN08581898	NA	1	NA	NA	1	12	NA	1	NA	NA	NA	NA	1	NA	NA	1	10	NA	1	NA	NA	NA
SAMN08581899	NA	1	NA	1	1	15	15	NA	2	NA	NA	NA	1	NA	1	1	10	15	NA	1	NA	NA
SAMN08581900	NA	NA	NA	NA	NA	3	NA	NA	1	NA	NA	NA	NA	NA	NA	NA	3	NA	NA	1	NA	NA
SAMN08624227	1	NA	NA	NA	1	1	NA	3	NA	NA	NA	1	NA	NA	NA	1	1	NA	3	NA	NA	NA
SAMN08624231	NA	NA	1	3	2	14	NA	3	1	NA	NA	NA	NA	1	1	1	11	NA	3	1	NA	NA
SAMN08624234	NA	1	NA	NA	1	10	NA	NA	NA	NA	NA	NA	1	NA	NA	1	10	NA	NA	NA	NA	NA
SAMN08624236	NA	1	NA	2	4	12	NA	12	NA	NA	NA	NA	1	NA	1	1	11	NA	6	NA	NA	NA
SAMN08631246	NA	1	NA	2	2	19	NA	NA	NA	NA	NA	NA	1	NA	1	1	10	NA	NA	NA	NA	NA
SAMN08631251	NA	1	NA	NA	1	10	NA	NA	NA	NA	NA	NA	1	NA	NA	1	10	NA	NA	NA	NA	NA
SAMN08631252	NA	NA	NA	NA	NA	2	NA	NA	NA	NA	NA	NA	NA	NA	NA	NA	1	NA	NA	NA	NA	NA
SAMN08631254	NA	1	NA	1	1	10	NA	NA	NA	NA	NA	NA	1	NA	1	1	10	NA	NA	NA	NA	NA
SAMN08714135	NA	1	NA	1	2	11	NA	7	NA	NA	NA	NA	1	NA	1	1	10	NA	6	NA	NA	NA
SAMN08714137	1	1	NA	1	2	13	NA	5	NA	NA	NA	1	1	NA	1	1	10	NA	5	NA	NA	NA
SAMN08714138	NA	NA	NA	2	NA	2	15	3	NA	NA	NA	NA	NA	NA	1	NA	1	15	3	NA	NA	NA
SAMN08714144	NA	NA	NA	1	NA	NA	NA	NA	1	NA	NA	NA	NA	NA	1	NA	NA	NA	NA	1	NA	NA
SAMN08719144	NA	NA	NA	1	NA	2	15	NA	NA	NA	NA	NA	NA	NA	1	NA	1	15	NA	NA	NA	NA
SAMN08719150	NA	4	1	2	4	39	15	1	1	NA	NA	NA	1	1	1	1	12	15	1	1	NA	NA
SAMN08719153	NA	2	NA	NA	1	4	NA	1	NA	NA	NA	NA	1	NA	NA	1	4	NA	1	NA	NA	NA
SAMN08719212	NA	1	NA	NA	1	10	NA	NA	NA	NA	NA	NA	1	NA	NA	1	10	NA	NA	NA	NA	NA
SAMN08719213	NA	1	NA	NA	1	12	NA	NA	1	NA	NA	NA	1	NA	NA	1	10	NA	NA	1	NA	NA
SAMN08719215	NA	1	1	1	2	20	NA	NA	NA	NA	NA	NA	1	1	1	1	12	NA	NA	NA	NA	NA
SAMN08719219	NA	1	NA	NA	1	11	NA	NA	1	NA	NA	NA	1	NA	NA	1	10	NA	NA	1	NA	NA
SAMN08719220	NA	1	NA	NA	1	10	NA	NA	NA	NA	NA	NA	1	NA	NA	1	10	NA	NA	NA	NA	NA
SAMN08767333	NA	1	NA	2	1	10	NA	NA	NA	NA	NA	NA	1	NA	1	1	10	NA	NA	NA	NA	NA
SAMN08767334	NA	1	NA	NA	2	11	NA	NA	NA	NA	NA	NA	1	NA	NA	1	10	NA	NA	NA	NA	NA
SAMN08851681	NA	2	NA	NA	2	19	NA	NA	1	NA	NA	NA	1	NA	NA	1	10	NA	NA	1	NA	NA
SAMN08851683	NA	1	1	1	2	22	NA	1	NA	NA	NA	NA	1	1	1	1	11	NA	1	NA	NA	NA
SAMN08851686	NA	1	NA	1	2	12	NA	6	1	NA	NA	NA	1	NA	1	1	10	NA	6	1	NA	NA
SAMN08851689	NA	NA	NA	1	1	2	NA	1	NA	18	NA	NA	NA	NA	1	1	1	NA	1	NA	18	NA
SAMN08851692	NA	1	NA	2	1	10	15	NA	1	NA	NA	NA	1	NA	1	1	10	15	NA	1	NA	NA
SAMN08851693	NA	1	NA	1	1	11	NA	NA	NA	NA	NA	NA	1	NA	1	1	10	NA	NA	NA	NA	NA
SAMN08863899	NA	2	NA	2	NA	1	15	6	NA	NA	NA	NA	1	NA	1	NA	1	15	6	NA	NA	NA
SAMN08863902	NA	1	NA	NA	1	14	NA	NA	2	NA	NA	NA	1	NA	NA	1	10	NA	NA	1	NA	NA
SAMN08863903	NA	1	NA	NA	1	14	NA	NA	NA	NA	NA	NA	1	NA	NA	1	10	NA	NA	NA	NA	NA
SAMN08863905	NA	NA	NA	1	NA	NA	NA	NA	NA	NA	NA	NA	NA	NA	1	NA	NA	NA	NA	NA	NA	NA
SAMN08863906	NA	1	NA	1	1	11	NA	3	NA	NA	NA	NA	1	NA	1	1	10	NA	3	NA	NA	NA
SAMN08899174	NA	1	NA	NA	1	12	NA	NA	NA	NA	NA	NA	1	NA	NA	1	10	NA	NA	NA	NA	NA
SAMN08899176	NA	NA	NA	1	NA	NA	NA	NA	2	NA	NA	NA	NA	NA	1	NA	NA	NA	NA	1	NA	NA
SAMN08909983	NA	1	NA	NA	1	13	NA	NA	NA	NA	NA	NA	1	NA	NA	1	11	NA	NA	NA	NA	NA
SAMN08909985	NA	1	NA	1	2	10	NA	6	NA	NA	NA	NA	1	NA	1	1	10	NA	6	NA	NA	NA
SAMN08909999	NA	1	NA	NA	1	10	NA	NA	1	NA	NA	NA	1	NA	NA	1	10	NA	NA	1	NA	NA
SAMN08910000	NA	1	NA	1	2	10	15	2	NA	11	NA	NA	1	NA	1	1	10	15	2	NA	11	NA
SAMN08910001	NA	1	1	NA	3	20	NA	6	NA	NA	NA	NA	1	1	NA	1	12	NA	6	NA	NA	NA
SAMN08930677	NA	1	1	1	2	21	2	1	NA	NA	NA	NA	1	1	1	1	12	2	1	NA	NA	NA
SAMN08930678	NA	NA	NA	NA	NA	1	NA	1	NA	NA	NA	NA	NA	NA	NA	NA	1	NA	1	NA	NA	NA
SAMN08930680	NA	1	NA	NA	1	10	NA	NA	NA	NA	NA	NA	1	NA	NA	1	10	NA	NA	NA	NA	NA
SAMN08930681	NA	1	NA	1	1	15	15	2	NA	NA	NA	NA	1	NA	1	1	10	15	2	NA	NA	NA
SAMN08930682	1	NA	NA	NA	2	NA	NA	11	NA	NA	NA	1	NA	NA	NA	1	NA	NA	6	NA	NA	NA
SAMN08937776	NA	NA	1	NA	1	7	NA	8	NA	NA	NA	NA	NA	1	NA	1	7	NA	6	NA	NA	NA
SAMN08937778	NA	2	NA	1	1	17	15	1	NA	NA	NA	NA	1	NA	1	1	10	15	1	NA	NA	NA
SAMN08937779	NA	1	NA	1	1	13	NA	1	NA	NA	NA	NA	1	NA	1	1	10	NA	1	NA	NA	NA
SAMN08937782	1	NA	NA	NA	1	NA	NA	3	NA	NA	NA	1	NA	NA	NA	1	NA	NA	3	NA	NA	NA
SAMN08937783	NA	NA	1	1	1	10	NA	1	NA	NA	NA	NA	NA	1	1	1	10	NA	1	NA	NA	NA
SAMN08937784	NA	1	NA	NA	1	10	NA	NA	NA	NA	NA	NA	1	NA	NA	1	10	NA	NA	NA	NA	NA
SAMN08937785	NA	NA	1	1	NA	8	15	1	1	NA	NA	NA	NA	1	1	NA	8	15	1	1	NA	NA
SAMN08963946	NA	1	NA	1	1	10	NA	NA	NA	NA	NA	NA	1	NA	1	1	10	NA	NA	NA	NA	NA
SAMN09002909	NA	1	NA	2	2	11	15	6	NA	NA	NA	NA	1	NA	1	1	10	15	6	NA	NA	NA
SAMN09002910	NA	NA	NA	1	1	NA	NA	7	NA	NA	NA	NA	NA	NA	1	1	NA	NA	6	NA	NA	NA
SAMN09002913	1	1	NA	1	2	17	2	5	1	NA	NA	1	1	NA	1	1	9	2	4	1	NA	NA
SAMN09013465	NA	1	NA	2	1	15	15	NA	1	NA	NA	NA	1	NA	1	1	10	15	NA	1	NA	NA
SAMN09013468	NA	NA	NA	2	NA	NA	NA	4	NA	NA	NA	NA	NA	NA	1	NA	NA	NA	3	NA	NA	NA
SAMN09013471	NA	1	NA	1	1	12	NA	NA	1	NA	NA	NA	1	NA	1	1	10	NA	NA	1	NA	NA
SAMN09013472	NA	1	NA	1	1	5	NA	4	NA	NA	NA	NA	1	NA	1	1	4	NA	3	NA	NA	NA
SAMN09013475	NA	NA	NA	3	NA	NA	15	NA	NA	NA	NA	NA	NA	NA	1	NA	NA	15	NA	NA	NA	NA
SAMN09013511	1	2	NA	1	3	22	16	4	NA	NA	NA	1	1	NA	1	1	11	15	4	NA	NA	NA
SAMN09013512	NA	1	NA	NA	1	10	NA	1	NA	NA	NA	NA	1	NA	NA	1	10	NA	1	NA	NA	NA
SAMN09013513	NA	1	NA	NA	1	10	NA	1	NA	NA	NA	NA	1	NA	NA	1	10	NA	1	NA	NA	NA
SAMN09013516	1	1	NA	1	2	12	16	4	NA	NA	NA	1	1	NA	1	1	11	15	4	NA	NA	NA
SAMN09013518	NA	NA	NA	1	NA	1	NA	NA	NA	NA	NA	NA	NA	NA	1	NA	1	NA	NA	NA	NA	NA
SAMN09013519	NA	1	NA	NA	1	11	NA	NA	NA	NA	NA	NA	1	NA	NA	1	10	NA	NA	NA	NA	NA
SAMN09013571	NA	NA	NA	1	NA	4	NA	NA	NA	NA	NA	NA	NA	NA	1	NA	1	NA	NA	NA	NA	NA
SAMN09013572	NA	1	NA	1	NA	NA	15	NA	NA	NA	NA	NA	1	NA	1	NA	NA	15	NA	NA	NA	NA
SAMN09013573	NA	1	NA	1	1	10	NA	NA	1	NA	NA	NA	1	NA	1	1	10	NA	NA	1	NA	NA
SAMN09013574	NA	NA	NA	2	NA	NA	15	NA	NA	NA	NA	NA	NA	NA	1	NA	NA	15	NA	NA	NA	NA
SAMN09013578	NA	NA	NA	2	1	2	NA	6	NA	NA	NA	NA	NA	NA	1	1	2	NA	6	NA	NA	NA
SAMN09098779	NA	1	NA	NA	1	10	NA	NA	NA	NA	NA	NA	1	NA	NA	1	10	NA	NA	NA	NA	NA
SAMN09098782	NA	NA	NA	NA	NA	1	NA	NA	NA	NA	NA	NA	NA	NA	NA	NA	1	NA	NA	NA	NA	NA
SAMN09098787	NA	1	NA	2	1	2	15	6	NA	NA	NA	NA	1	NA	1	1	2	15	6	NA	NA	NA
SAMN09098792	NA	1	NA	1	1	11	NA	NA	NA	NA	NA	NA	1	NA	1	1	10	NA	NA	NA	NA	NA
SAMN09098794	NA	1	NA	1	1	10	NA	NA	NA	NA	NA	NA	1	NA	1	1	10	NA	NA	NA	NA	NA
SAMN09098797	NA	NA	NA	1	NA	NA	NA	NA	NA	NA	NA	NA	NA	NA	1	NA	NA	NA	NA	NA	NA	NA
SAMN09098800	NA	1	NA	NA	1	10	NA	NA	NA	NA	NA	NA	1	NA	NA	1	10	NA	NA	NA	NA	NA
SAMN09195610	NA	1	NA	1	1	10	NA	NA	NA	NA	NA	NA	1	NA	1	1	10	NA	NA	NA	NA	NA
SAMN09195612	NA	1	NA	NA	1	11	NA	1	NA	NA	NA	NA	1	NA	NA	1	10	NA	1	NA	NA	NA
SAMN09195613	NA	NA	NA	2	NA	NA	15	NA	NA	NA	NA	NA	NA	NA	1	NA	NA	15	NA	NA	NA	NA
SAMN09195614	NA	1	NA	1	2	10	NA	6	NA	NA	NA	NA	1	NA	1	1	10	NA	6	NA	NA	NA
SAMN09195623	NA	NA	NA	1	NA	2	NA	6	NA	NA	NA	NA	NA	NA	1	NA	1	NA	6	NA	NA	NA
SAMN09195624	NA	1	NA	1	1	13	NA	1	NA	NA	NA	NA	1	NA	1	1	10	NA	1	NA	NA	NA
SAMN09195625	NA	1	NA	1	NA	NA	NA	1	NA	NA	NA	NA	1	NA	1	NA	NA	NA	1	NA	NA	NA
SAMN09195626	NA	1	NA	2	1	12	15	NA	NA	NA	NA	NA	1	NA	1	1	10	15	NA	NA	NA	NA
SAMN09195627	NA	1	NA	NA	NA	11	NA	NA	1	NA	NA	NA	1	NA	NA	NA	7	NA	NA	1	NA	NA
SAMN09195629	NA	NA	NA	NA	NA	2	NA	NA	1	NA	NA	NA	NA	NA	NA	NA	1	NA	NA	1	NA	NA
SAMN09233719	NA	1	NA	NA	1	4	NA	1	1	NA	NA	NA	1	NA	NA	1	4	NA	1	1	NA	NA
SAMN09233722	NA	1	NA	2	3	13	NA	8	NA	NA	NA	NA	1	NA	1	1	10	NA	7	NA	NA	NA
SAMN09233724	NA	NA	NA	NA	NA	3	NA	NA	NA	NA	NA	NA	NA	NA	NA	NA	1	NA	NA	NA	NA	NA
SAMN09233726	NA	1	NA	NA	1	10	NA	1	NA	NA	NA	NA	1	NA	NA	1	10	NA	1	NA	NA	NA
SAMN09233768	NA	1	NA	1	2	11	NA	6	1	NA	NA	NA	1	NA	1	1	10	NA	6	1	NA	NA
SAMN09242588	NA	NA	NA	3	NA	2	NA	1	NA	NA	NA	NA	NA	NA	1	NA	1	NA	1	NA	NA	NA
SAMN09242595	NA	NA	NA	2	NA	2	NA	1	NA	NA	NA	NA	NA	NA	1	NA	1	NA	1	NA	NA	NA
SAMN09242600	NA	NA	NA	3	NA	2	NA	1	NA	NA	NA	NA	NA	NA	1	NA	1	NA	1	NA	NA	NA
SAMN09242612	NA	NA	NA	1	NA	6	12	NA	NA	NA	NA	NA	NA	NA	1	NA	5	12	NA	NA	NA	NA
SAMN09242616	NA	NA	NA	1	NA	2	NA	1	NA	NA	NA	NA	NA	NA	1	NA	1	NA	1	NA	NA	NA
SAMN09242644	NA	NA	NA	2	NA	2	NA	1	NA	NA	NA	NA	NA	NA	1	NA	1	NA	1	NA	NA	NA
SAMN09242645	NA	NA	NA	1	NA	2	NA	1	NA	NA	NA	NA	NA	NA	1	NA	1	NA	1	NA	NA	NA
SAMN09242649	NA	NA	NA	3	NA	3	NA	1	NA	NA	NA	NA	NA	NA	1	NA	1	NA	1	NA	NA	NA
SAMN09242904	NA	2	NA	1	1	14	15	2	NA	NA	NA	NA	1	NA	1	1	10	15	2	NA	NA	NA
SAMN09242911	NA	NA	NA	1	NA	2	NA	1	NA	NA	NA	NA	NA	NA	1	NA	1	NA	1	NA	NA	NA
SAMN09267080	NA	1	NA	2	1	12	16	NA	1	NA	NA	NA	1	NA	1	1	10	15	NA	1	NA	NA
SAMN09267081	1	1	NA	2	3	11	NA	10	2	1	NA	1	1	NA	1	1	11	NA	6	1	1	NA
SAMN09267083	NA	NA	NA	1	1	2	NA	1	NA	NA	NA	NA	NA	NA	1	1	1	NA	1	NA	NA	NA
SAMN09343321	NA	1	NA	NA	1	10	NA	1	NA	NA	NA	NA	1	NA	NA	1	10	NA	1	NA	NA	NA
SAMN09343322	NA	NA	NA	1	NA	1	NA	NA	NA	NA	NA	NA	NA	NA	1	NA	1	NA	NA	NA	NA	NA
SAMN09343325	NA	1	NA	1	1	10	NA	NA	NA	NA	NA	NA	1	NA	1	1	10	NA	NA	NA	NA	NA
SAMN09343327	NA	1	NA	NA	2	12	NA	6	NA	NA	NA	NA	1	NA	NA	1	10	NA	6	NA	NA	NA
SAMN09343328	NA	NA	NA	2	NA	NA	15	6	1	NA	NA	NA	NA	NA	1	NA	NA	15	6	1	NA	NA
SAMN09343329	NA	NA	NA	1	NA	1	NA	1	NA	NA	NA	NA	NA	NA	1	NA	1	NA	1	NA	NA	NA
SAMN09343330	NA	NA	NA	NA	NA	NA	NA	1	NA	NA	NA	NA	NA	NA	NA	NA	NA	NA	1	NA	NA	NA
SAMN09343332	NA	1	NA	1	2	10	NA	6	NA	NA	NA	NA	1	NA	1	1	10	NA	6	NA	NA	NA
SAMN09386341	NA	1	NA	NA	1	10	NA	NA	NA	NA	NA	NA	1	NA	NA	1	10	NA	NA	NA	NA	NA
SAMN09386342	NA	1	NA	2	2	11	NA	6	NA	NA	NA	NA	1	NA	1	1	10	NA	6	NA	NA	NA
SAMN09386374	NA	NA	NA	1	NA	NA	NA	NA	NA	NA	NA	NA	NA	NA	1	NA	NA	NA	NA	NA	NA	NA
SAMN09444061	NA	1	NA	1	1	11	NA	NA	NA	NA	NA	NA	1	NA	1	1	10	NA	NA	NA	NA	NA
SAMN09444062	NA	1	NA	1	1	10	NA	1	NA	NA	NA	NA	1	NA	1	1	10	NA	1	NA	NA	NA
SAMN09444063	NA	3	NA	2	NA	11	15	3	NA	NA	NA	NA	1	NA	1	NA	10	15	3	NA	NA	NA
SAMN09444067	NA	1	NA	1	1	14	NA	NA	2	NA	NA	NA	1	NA	1	1	10	NA	NA	1	NA	NA
SAMN09444068	NA	NA	NA	1	NA	6	NA	NA	NA	NA	NA	NA	NA	NA	1	NA	1	NA	NA	NA	NA	NA
SAMN09444069	NA	NA	NA	1	NA	1	NA	NA	NA	NA	NA	NA	NA	NA	1	NA	1	NA	NA	NA	NA	NA
SAMN09444070	NA	1	1	2	2	21	NA	1	NA	NA	NA	NA	1	1	1	1	11	NA	1	NA	NA	NA
SAMN09444071	NA	1	NA	NA	2	9	NA	6	NA	NA	NA	NA	1	NA	NA	1	9	NA	6	NA	NA	NA
SAMN09462543	NA	4	NA	1	1	18	15	1	2	NA	NA	NA	1	NA	1	1	10	15	1	1	NA	NA
SAMN09462545	NA	1	NA	NA	1	12	NA	NA	NA	NA	NA	NA	1	NA	NA	1	10	NA	NA	NA	NA	NA
SAMN09462575	NA	NA	NA	NA	NA	NA	NA	NA	1	NA	NA	NA	NA	NA	NA	NA	NA	NA	NA	1	NA	NA
SAMN09462576	NA	1	NA	2	1	10	15	2	NA	NA	NA	NA	1	NA	1	1	10	15	2	NA	NA	NA
SAMN09462577	NA	2	NA	1	1	24	15	1	NA	NA	NA	NA	1	NA	1	1	10	15	1	NA	NA	NA
SAMN09462581	NA	NA	NA	1	NA	NA	NA	NA	NA	NA	NA	NA	NA	NA	1	NA	NA	NA	NA	NA	NA	NA
SAMN09462583	NA	1	NA	1	1	10	NA	NA	1	NA	NA	NA	1	NA	1	1	10	NA	NA	1	NA	NA
SAMN09462584	NA	NA	NA	1	NA	NA	NA	1	NA	NA	NA	NA	NA	NA	1	NA	NA	NA	1	NA	NA	NA
SAMN09462585	NA	1	NA	1	1	11	12	1	NA	NA	NA	NA	1	NA	1	1	10	12	1	NA	NA	NA
SAMN09462586	NA	NA	NA	NA	1	NA	NA	7	NA	NA	NA	NA	NA	NA	NA	1	NA	NA	6	NA	NA	NA
SAMN09489333	NA	NA	NA	2	NA	NA	NA	NA	NA	NA	NA	NA	NA	NA	1	NA	NA	NA	NA	NA	NA	NA
SAMN09489514	NA	1	NA	NA	2	10	NA	6	NA	NA	NA	NA	1	NA	NA	1	10	NA	6	NA	NA	NA
SAMN09489515	NA	1	NA	2	2	11	NA	6	NA	NA	NA	NA	1	NA	1	1	10	NA	6	NA	NA	NA
SAMN09489517	NA	1	NA	1	1	10	NA	NA	NA	NA	NA	NA	1	NA	1	1	10	NA	NA	NA	NA	NA
SAMN09489518	NA	1	NA	3	2	14	27	1	NA	18	NA	NA	1	NA	1	1	10	15	1	NA	18	NA
SAMN09489521	NA	1	1	NA	2	10	NA	1	NA	13	NA	NA	1	1	NA	1	10	NA	1	NA	13	NA
SAMN09489545	NA	NA	NA	2	NA	NA	NA	NA	NA	NA	NA	NA	NA	NA	1	NA	NA	NA	NA	NA	NA	NA
SAMN09489549	NA	1	NA	NA	1	10	NA	NA	NA	NA	NA	NA	1	NA	NA	1	10	NA	NA	NA	NA	NA
SAMN09489586	NA	NA	NA	1	1	10	NA	NA	NA	NA	NA	NA	NA	NA	1	1	10	NA	NA	NA	NA	NA
SAMN09489590	NA	NA	NA	1	NA	4	NA	NA	NA	NA	NA	NA	NA	NA	1	NA	4	NA	NA	NA	NA	NA
SAMN09521700	NA	1	NA	NA	1	10	NA	NA	NA	NA	NA	NA	1	NA	NA	1	10	NA	NA	NA	NA	NA
SAMN09521703	NA	1	NA	NA	NA	1	NA	NA	NA	NA	NA	NA	1	NA	NA	NA	1	NA	NA	NA	NA	NA
SAMN09521743	NA	1	NA	3	2	11	15	5	NA	NA	NA	NA	1	NA	1	1	10	15	5	NA	NA	NA
SAMN09521746	NA	2	NA	NA	2	20	NA	NA	NA	NA	NA	NA	1	NA	NA	1	10	NA	NA	NA	NA	NA
SAMN09521748	NA	NA	NA	1	NA	1	15	NA	NA	NA	NA	NA	NA	NA	1	NA	1	15	NA	NA	NA	NA
SAMN09521751	NA	1	NA	NA	1	10	NA	NA	NA	NA	NA	NA	1	NA	NA	1	10	NA	NA	NA	NA	NA
SAMN09545002	NA	1	NA	3	1	10	15	NA	1	NA	NA	NA	1	NA	1	1	10	15	NA	1	NA	NA
SAMN09545008	NA	1	NA	NA	1	12	NA	NA	NA	NA	NA	NA	1	NA	NA	1	10	NA	NA	NA	NA	NA
SAMN09545009	NA	1	NA	1	1	15	NA	NA	NA	NA	NA	NA	1	NA	1	1	10	NA	NA	NA	NA	NA
SAMN09545063	NA	1	NA	NA	1	11	NA	NA	NA	1	NA	NA	1	NA	NA	1	10	NA	NA	NA	1	NA
SAMN09624583	NA	NA	NA	NA	1	NA	NA	6	1	1	NA	NA	NA	NA	NA	1	NA	NA	6	1	1	NA
SAMN09624584	NA	1	NA	NA	2	12	NA	1	NA	19	NA	NA	1	NA	NA	1	10	NA	1	NA	18	NA
SAMN09624588	NA	1	NA	NA	1	10	NA	1	NA	NA	NA	NA	1	NA	NA	1	10	NA	1	NA	NA	NA
SAMN09624590	NA	NA	NA	NA	NA	NA	NA	1	NA	NA	NA	NA	NA	NA	NA	NA	NA	NA	1	NA	NA	NA
SAMN09624593	NA	1	NA	1	1	13	NA	NA	NA	NA	NA	NA	1	NA	1	1	10	NA	NA	NA	NA	NA
SAMN09633444	NA	1	NA	1	1	10	NA	NA	NA	NA	NA	NA	1	NA	1	1	10	NA	NA	NA	NA	NA
SAMN09633449	NA	1	NA	2	1	11	NA	NA	NA	NA	NA	NA	1	NA	1	1	10	NA	NA	NA	NA	NA
SAMN09633452	NA	NA	NA	1	NA	NA	NA	NA	NA	NA	NA	NA	NA	NA	1	NA	NA	NA	NA	NA	NA	NA
SAMN09633453	NA	NA	NA	3	1	5	15	NA	1	NA	NA	NA	NA	NA	1	1	4	15	NA	1	NA	NA
SAMN09633454	NA	1	NA	NA	1	10	NA	NA	NA	NA	NA	NA	1	NA	NA	1	10	NA	NA	NA	NA	NA
SAMN09651204	NA	1	1	2	2	15	15	1	2	18	NA	NA	1	1	1	1	10	15	1	1	17	NA
SAMN09666291	NA	2	NA	NA	1	24	2	NA	1	NA	NA	NA	1	NA	NA	1	10	2	NA	1	NA	NA
SAMN09666293	NA	2	NA	1	1	14	NA	1	1	NA	NA	NA	1	NA	1	1	11	NA	1	1	NA	NA
SAMN09666295	NA	NA	NA	1	1	NA	NA	6	NA	NA	NA	NA	NA	NA	1	1	NA	NA	6	NA	NA	NA
SAMN09693148	NA	1	NA	2	1	15	NA	NA	NA	NA	NA	NA	1	NA	1	1	11	NA	NA	NA	NA	NA
SAMN09693149	NA	1	NA	2	1	11	15	NA	NA	NA	NA	NA	1	NA	1	1	10	15	NA	NA	NA	NA
SAMN09693207	NA	1	NA	2	1	8	NA	7	NA	NA	NA	NA	1	NA	1	1	8	NA	6	NA	NA	NA
SAMN09693210	NA	1	NA	NA	1	10	NA	NA	1	NA	NA	NA	1	NA	NA	1	10	NA	NA	1	NA	NA
SAMN09725139	1	2	1	4	4	34	15	8	NA	NA	NA	1	1	1	1	1	12	15	4	NA	NA	NA
SAMN09725140	NA	1	NA	NA	NA	5	NA	NA	1	NA	NA	NA	1	NA	NA	NA	3	NA	NA	1	NA	NA
SAMN09725141	NA	NA	NA	NA	NA	4	NA	NA	NA	NA	NA	NA	NA	NA	NA	NA	1	NA	NA	NA	NA	NA
SAMN09725155	NA	1	NA	NA	1	10	NA	NA	NA	NA	NA	NA	1	NA	NA	1	10	NA	NA	NA	NA	NA
SAMN09725160	NA	1	NA	1	NA	8	NA	NA	1	NA	NA	NA	1	NA	1	NA	5	NA	NA	1	NA	NA
SAMN09725172	NA	1	NA	2	NA	7	15	NA	1	NA	NA	NA	1	NA	1	NA	5	15	NA	1	NA	NA
SAMN09725173	NA	NA	NA	2	NA	4	NA	1	NA	NA	NA	NA	NA	NA	1	NA	1	NA	1	NA	NA	NA
SAMN09725174	NA	NA	NA	1	NA	NA	15	NA	NA	NA	NA	NA	NA	NA	1	NA	NA	15	NA	NA	NA	NA
SAMN09725178	NA	1	NA	NA	NA	8	NA	1	1	NA	NA	NA	1	NA	NA	NA	5	NA	1	1	NA	NA
SAMN09725183	NA	1	NA	3	NA	4	15	NA	NA	NA	NA	NA	1	NA	1	NA	4	15	NA	NA	NA	NA
SAMN09725185	NA	1	NA	2	1	11	15	NA	NA	NA	NA	NA	1	NA	1	1	10	15	NA	NA	NA	NA
SAMN09725191	NA	3	NA	NA	2	16	NA	NA	NA	NA	NA	NA	1	NA	NA	1	10	NA	NA	NA	NA	NA
SAMN09725194	NA	1	NA	1	2	13	15	NA	NA	NA	NA	NA	1	NA	1	1	10	15	NA	NA	NA	NA
SAMN09725195	NA	1	1	NA	3	20	NA	7	NA	NA	NA	NA	1	1	NA	1	12	NA	6	NA	NA	NA
SAMN09725208	NA	1	NA	1	1	11	15	NA	NA	NA	NA	NA	1	NA	1	1	10	15	NA	NA	NA	NA
SAMN09726411	NA	1	NA	1	1	12	12	NA	NA	NA	NA	NA	1	NA	1	1	10	12	NA	NA	NA	NA
SAMN09726412	NA	1	1	1	2	23	15	1	1	NA	NA	NA	1	1	1	1	12	15	1	1	NA	NA
SAMN09726415	NA	2	NA	2	2	14	15	9	1	NA	NA	NA	1	NA	1	1	10	15	6	1	NA	NA
SAMN09726418	NA	NA	NA	1	1	11	NA	NA	NA	NA	NA	NA	NA	NA	1	1	8	NA	NA	NA	NA	NA
SAMN09727445	NA	1	NA	NA	1	11	NA	NA	NA	NA	NA	NA	1	NA	NA	1	10	NA	NA	NA	NA	NA
SAMN09728987	1	1	NA	NA	4	17	NA	5	1	NA	NA	1	1	NA	NA	1	11	NA	5	1	NA	NA
SAMN09730234	NA	1	NA	1	1	10	NA	NA	NA	NA	NA	NA	1	NA	1	1	10	NA	NA	NA	NA	NA
SAMN09741906	NA	NA	NA	1	NA	NA	15	NA	NA	NA	NA	NA	NA	NA	1	NA	NA	15	NA	NA	NA	NA
SAMN09741908	NA	NA	NA	3	1	NA	NA	5	NA	NA	NA	NA	NA	NA	1	1	NA	NA	5	NA	NA	NA
SAMN09742378	NA	NA	NA	1	NA	NA	NA	1	NA	NA	NA	NA	NA	NA	1	NA	NA	NA	1	NA	NA	NA
SAMN09742384	NA	1	NA	1	1	12	15	NA	1	NA	NA	NA	1	NA	1	1	10	15	NA	1	NA	NA
SAMN09742387	NA	1	NA	1	1	11	NA	NA	NA	NA	NA	NA	1	NA	1	1	10	NA	NA	NA	NA	NA
SAMN09756542	NA	NA	NA	1	NA	NA	NA	NA	NA	NA	NA	NA	NA	NA	1	NA	NA	NA	NA	NA	NA	NA
SAMN09756546	NA	1	NA	NA	NA	7	NA	NA	NA	NA	NA	NA	1	NA	NA	NA	7	NA	NA	NA	NA	NA
SAMN09756550	NA	2	NA	NA	1	21	2	NA	NA	NA	NA	NA	1	NA	NA	1	10	2	NA	NA	NA	NA
SAMN09780226	NA	NA	NA	2	NA	10	NA	1	NA	NA	NA	NA	NA	NA	1	NA	9	NA	1	NA	NA	NA
SAMN09780227	NA	1	NA	4	2	12	15	6	NA	NA	NA	NA	1	NA	1	1	10	15	6	NA	NA	NA
SAMN09780228	NA	NA	NA	NA	NA	NA	NA	2	NA	NA	NA	NA	NA	NA	NA	NA	NA	NA	2	NA	NA	NA
SAMN09784429	NA	NA	NA	1	NA	NA	NA	NA	1	NA	NA	NA	NA	NA	1	NA	NA	NA	NA	1	NA	NA
SAMN09784432	NA	NA	NA	2	NA	3	NA	NA	NA	NA	NA	NA	NA	NA	1	NA	1	NA	NA	NA	NA	NA
SAMN09784433	NA	1	NA	1	1	13	NA	NA	NA	NA	NA	NA	1	NA	1	1	10	NA	NA	NA	NA	NA
SAMN09784437	NA	1	NA	1	1	11	NA	NA	NA	NA	NA	NA	1	NA	1	1	10	NA	NA	NA	NA	NA
SAMN09828447	NA	1	NA	1	1	11	NA	5	NA	NA	NA	NA	1	NA	1	1	10	NA	3	NA	NA	NA
SAMN09828448	NA	NA	NA	1	NA	1	NA	1	NA	NA	NA	NA	NA	NA	1	NA	1	NA	1	NA	NA	NA
SAMN09828459	NA	NA	1	1	1	5	15	7	NA	NA	NA	NA	NA	1	1	1	4	15	6	NA	NA	NA
SAMN09828461	NA	1	NA	NA	1	12	NA	NA	1	NA	NA	NA	1	NA	NA	1	10	NA	NA	1	NA	NA
SAMN09828462	NA	NA	NA	1	NA	NA	NA	NA	NA	NA	NA	NA	NA	NA	1	NA	NA	NA	NA	NA	NA	NA
SAMN09828463	1	1	NA	2	3	7	NA	10	NA	NA	NA	1	1	NA	1	1	7	NA	6	NA	NA	NA
SAMN09828464	NA	1	NA	1	1	4	15	1	NA	NA	NA	NA	1	NA	1	1	4	15	1	NA	NA	NA
SAMN09828465	NA	NA	NA	1	NA	NA	NA	NA	1	NA	NA	NA	NA	NA	1	NA	NA	NA	NA	1	NA	NA
SAMN09828467	NA	NA	NA	1	1	1	NA	6	NA	NA	NA	NA	NA	NA	1	1	1	NA	6	NA	NA	NA
SAMN09828468	NA	1	NA	1	1	14	NA	NA	NA	NA	NA	NA	1	NA	1	1	11	NA	NA	NA	NA	NA
SAMN09828469	1	2	NA	2	3	23	15	4	2	NA	NA	1	1	NA	1	1	10	15	4	1	NA	NA
SAMN09828470	NA	NA	NA	NA	NA	NA	NA	1	NA	NA	NA	NA	NA	NA	NA	NA	NA	NA	1	NA	NA	NA
SAMN09828473	NA	1	NA	NA	1	10	NA	NA	NA	NA	NA	NA	1	NA	NA	1	10	NA	NA	NA	NA	NA
SAMN09849953	NA	1	NA	2	1	10	15	NA	3	NA	NA	NA	1	NA	1	1	10	15	NA	1	NA	NA
SAMN09849954	NA	1	NA	NA	1	12	NA	NA	NA	NA	NA	NA	1	NA	NA	1	11	NA	NA	NA	NA	NA
SAMN09849957	NA	1	NA	NA	2	10	NA	6	1	NA	NA	NA	1	NA	NA	1	10	NA	6	1	NA	NA
SAMN09849958	NA	NA	NA	NA	NA	NA	NA	1	NA	NA	NA	NA	NA	NA	NA	NA	NA	NA	1	NA	NA	NA
SAMN09849962	NA	1	NA	1	1	10	NA	NA	NA	NA	NA	NA	1	NA	1	1	10	NA	NA	NA	NA	NA
SAMN09849964	NA	NA	NA	1	NA	2	NA	NA	1	NA	NA	NA	NA	NA	1	NA	1	NA	NA	1	NA	NA
SAMN09849965	NA	1	NA	NA	1	10	NA	NA	NA	NA	NA	NA	1	NA	NA	1	10	NA	NA	NA	NA	NA
SAMN09849966	NA	1	NA	3	2	10	NA	10	2	1	NA	NA	1	NA	1	1	10	NA	6	1	1	NA
SAMN09849968	NA	1	NA	1	2	NA	NA	8	NA	19	NA	NA	1	NA	1	1	NA	NA	6	NA	18	NA
SAMN09849970	NA	1	NA	1	2	10	NA	6	NA	NA	NA	NA	1	NA	1	1	10	NA	6	NA	NA	NA
SAMN09866598	NA	1	NA	1	1	11	NA	NA	1	NA	NA	NA	1	NA	1	1	10	NA	NA	1	NA	NA
SAMN09914039	1	1	NA	NA	2	10	NA	5	NA	NA	NA	1	1	NA	NA	1	10	NA	4	NA	NA	NA
SAMN09914104	NA	1	NA	2	1	10	15	NA	2	NA	NA	NA	1	NA	1	1	10	15	NA	1	NA	NA
SAMN09914106	NA	1	NA	NA	1	10	NA	NA	NA	NA	NA	NA	1	NA	NA	1	10	NA	NA	NA	NA	NA
SAMN09917917	NA	1	NA	1	1	10	NA	NA	1	NA	NA	NA	1	NA	1	1	10	NA	NA	1	NA	NA
SAMN09917918	NA	NA	NA	NA	NA	NA	NA	1	NA	NA	NA	NA	NA	NA	NA	NA	NA	NA	1	NA	NA	NA
SAMN09917919	NA	1	NA	NA	1	10	NA	1	1	NA	NA	NA	1	NA	NA	1	10	NA	1	1	NA	NA
SAMN09954439	NA	1	NA	NA	2	14	NA	6	NA	NA	NA	NA	1	NA	NA	1	10	NA	6	NA	NA	NA
SAMN09954442	NA	2	NA	1	1	24	15	2	NA	NA	NA	NA	1	NA	1	1	10	15	1	NA	NA	NA
SAMN09954463	NA	1	NA	1	1	10	NA	NA	NA	NA	NA	NA	1	NA	1	1	10	NA	NA	NA	NA	NA
SAMN09954465	NA	1	NA	NA	1	10	NA	NA	NA	1	NA	NA	1	NA	NA	1	10	NA	NA	NA	1	NA
SAMN09980185	NA	1	NA	2	1	10	15	NA	NA	NA	NA	NA	1	NA	1	1	10	15	NA	NA	NA	NA
SAMN09980186	NA	1	NA	NA	1	12	NA	NA	NA	NA	NA	NA	1	NA	NA	1	10	NA	NA	NA	NA	NA
SAMN09980187	NA	NA	NA	2	NA	3	NA	NA	NA	NA	NA	NA	NA	NA	1	NA	1	NA	NA	NA	NA	NA
SAMN09980188	NA	1	NA	NA	1	10	NA	NA	NA	NA	NA	NA	1	NA	NA	1	10	NA	NA	NA	NA	NA
SAMN09980189	NA	1	NA	1	1	13	NA	NA	NA	NA	NA	NA	1	NA	1	1	10	NA	NA	NA	NA	NA
SAMN09980192	NA	1	NA	1	3	10	NA	11	1	NA	NA	NA	1	NA	1	1	10	NA	6	1	NA	NA
SAMN09980197	NA	1	NA	NA	1	10	NA	NA	NA	NA	NA	NA	1	NA	NA	1	10	NA	NA	NA	NA	NA
SAMN09980198	NA	1	NA	1	1	4	18	NA	NA	NA	NA	NA	1	NA	1	1	4	15	NA	NA	NA	NA
SAMN09980200	NA	1	NA	NA	1	10	NA	2	NA	NA	NA	NA	1	NA	NA	1	10	NA	2	NA	NA	NA
SAMN09980201	NA	NA	NA	2	NA	1	NA	NA	NA	NA	NA	NA	NA	NA	1	NA	1	NA	NA	NA	NA	NA
SAMN09980202	NA	NA	1	1	2	10	NA	8	NA	NA	NA	NA	NA	1	1	1	10	NA	6	NA	NA	NA
SAMN10034789	NA	1	NA	2	NA	1	NA	NA	NA	NA	NA	NA	1	NA	1	NA	1	NA	NA	NA	NA	NA
SAMN10034790	NA	1	NA	NA	1	12	NA	NA	NA	NA	NA	NA	1	NA	NA	1	10	NA	NA	NA	NA	NA
SAMN10034794	NA	1	NA	1	1	11	NA	NA	NA	NA	NA	NA	1	NA	1	1	10	NA	NA	NA	NA	NA
SAMN10034795	NA	NA	NA	1	NA	NA	NA	NA	NA	NA	NA	NA	NA	NA	1	NA	NA	NA	NA	NA	NA	NA
SAMN10034797	NA	NA	NA	1	NA	NA	NA	1	NA	NA	NA	NA	NA	NA	1	NA	NA	NA	1	NA	NA	NA
SAMN10034803	NA	NA	NA	NA	NA	3	NA	NA	NA	NA	NA	NA	NA	NA	NA	NA	2	NA	NA	NA	NA	NA
SAMN10034809	NA	1	NA	2	2	12	NA	7	NA	NA	NA	NA	1	NA	1	1	10	NA	6	NA	NA	NA
SAMN10034810	NA	NA	NA	NA	1	NA	NA	7	NA	NA	NA	NA	NA	NA	NA	1	NA	NA	6	NA	NA	NA
SAMN10057138	1	1	NA	1	1	11	NA	5	NA	NA	NA	1	1	NA	1	1	8	NA	4	NA	NA	NA
SAMN10057139	NA	NA	NA	NA	NA	2	NA	NA	NA	NA	NA	NA	NA	NA	NA	NA	1	NA	NA	NA	NA	NA
SAMN10057143	NA	NA	NA	1	NA	NA	NA	NA	NA	NA	NA	NA	NA	NA	1	NA	NA	NA	NA	NA	NA	NA
SAMN10078810	NA	1	NA	2	1	10	15	NA	NA	NA	NA	NA	1	NA	1	1	10	15	NA	NA	NA	NA
SAMN10078812	NA	NA	NA	1	NA	4	15	NA	NA	1	NA	NA	NA	NA	1	NA	4	15	NA	NA	1	NA
SAMN10078813	NA	1	NA	2	2	12	NA	1	NA	18	NA	NA	1	NA	1	1	10	NA	1	NA	18	NA
SAMN10078815	NA	NA	NA	NA	NA	NA	NA	1	NA	NA	NA	NA	NA	NA	NA	NA	NA	NA	1	NA	NA	NA
SAMN10078819	NA	1	NA	1	1	12	NA	NA	NA	NA	NA	NA	1	NA	1	1	10	NA	NA	NA	NA	NA
SAMN10078820	NA	NA	NA	3	NA	3	NA	3	NA	NA	NA	NA	NA	NA	1	NA	1	NA	3	NA	NA	NA
SAMN10097130	NA	1	NA	NA	1	10	NA	NA	NA	NA	NA	NA	1	NA	NA	1	10	NA	NA	NA	NA	NA
SAMN10118346	NA	1	NA	3	NA	NA	15	3	NA	NA	NA	NA	1	NA	1	NA	NA	15	2	NA	NA	NA
SAMN10118357	NA	1	NA	1	1	4	NA	NA	NA	NA	NA	NA	1	NA	1	1	4	NA	NA	NA	NA	NA
SAMN10129925	NA	1	NA	NA	1	14	NA	1	1	NA	NA	NA	1	NA	NA	1	10	NA	1	1	NA	NA
SAMN10129930	NA	1	NA	1	1	10	NA	NA	NA	NA	NA	NA	1	NA	1	1	10	NA	NA	NA	NA	NA
SAMN10142232	NA	NA	NA	1	NA	4	NA	NA	NA	NA	NA	NA	NA	NA	1	NA	4	NA	NA	NA	NA	NA
SAMN10142234	NA	1	NA	1	1	7	NA	5	NA	NA	NA	NA	1	NA	1	1	5	NA	5	NA	NA	NA
SAMN10142236	NA	1	NA	NA	1	10	NA	NA	NA	NA	NA	NA	1	NA	NA	1	10	NA	NA	NA	NA	NA
SAMN10142493	NA	1	NA	NA	1	11	NA	NA	NA	NA	NA	NA	1	NA	NA	1	11	NA	NA	NA	NA	NA
SAMN10142497	1	1	NA	NA	1	4	NA	5	NA	NA	NA	1	1	NA	NA	1	4	NA	5	NA	NA	NA
SAMN10142502	NA	NA	NA	1	NA	NA	NA	NA	NA	NA	NA	NA	NA	NA	1	NA	NA	NA	NA	NA	NA	NA
SAMN10142507	NA	1	NA	1	1	10	NA	NA	NA	NA	NA	NA	1	NA	1	1	10	NA	NA	NA	NA	NA
SAMN10142510	NA	1	NA	NA	1	10	NA	NA	NA	NA	NA	NA	1	NA	NA	1	10	NA	NA	NA	NA	NA
SAMN10220958	NA	1	NA	NA	1	6	NA	5	NA	NA	NA	NA	1	NA	NA	1	4	NA	5	NA	NA	NA
SAMN10220959	NA	1	NA	1	1	11	NA	1	1	NA	NA	NA	1	NA	1	1	10	NA	1	1	NA	NA
SAMN10220963	NA	1	NA	1	2	10	15	7	2	NA	NA	NA	1	NA	1	1	10	15	6	1	NA	NA
SAMN10220964	NA	1	1	1	2	22	15	1	NA	NA	NA	NA	1	1	1	1	12	15	1	NA	NA	NA
SAMN10220966	NA	NA	NA	1	1	1	15	6	NA	NA	NA	NA	NA	NA	1	1	1	15	6	NA	NA	NA
SAMN10220969	NA	1	1	1	3	11	NA	12	NA	NA	NA	NA	1	1	1	1	10	NA	6	NA	NA	NA
SAMN10220970	NA	1	NA	NA	1	10	NA	NA	1	NA	NA	NA	1	NA	NA	1	10	NA	NA	1	NA	NA
SAMN10220971	NA	1	NA	1	1	10	NA	3	2	NA	NA	NA	1	NA	1	1	10	NA	2	1	NA	NA
SAMN10220972	NA	NA	NA	NA	1	NA	NA	6	1	NA	NA	NA	NA	NA	NA	1	NA	NA	6	1	NA	NA
SAMN10220973	NA	1	NA	1	1	13	15	NA	NA	NA	NA	NA	1	NA	1	1	10	15	NA	NA	NA	NA
SAMN10220974	NA	1	NA	NA	1	10	NA	NA	NA	NA	NA	NA	1	NA	NA	1	10	NA	NA	NA	NA	NA
SAMN10220977	NA	1	NA	3	2	12	15	7	NA	1	NA	NA	1	NA	1	1	10	15	6	NA	1	NA
SAMN10220978	NA	1	NA	NA	2	11	NA	5	NA	NA	NA	NA	1	NA	NA	1	10	NA	5	NA	NA	NA
SAMN10220979	NA	1	NA	NA	1	12	NA	NA	NA	NA	NA	NA	1	NA	NA	1	10	NA	NA	NA	NA	NA
SAMN10220980	NA	1	NA	1	1	12	15	1	NA	1	NA	NA	1	NA	1	1	10	15	1	NA	1	NA
SAMN10220981	NA	NA	NA	1	NA	7	NA	NA	1	NA	NA	NA	NA	NA	1	NA	1	NA	NA	1	NA	NA
SAMN10220984	1	1	NA	1	2	10	NA	5	NA	NA	NA	1	1	NA	1	1	10	NA	4	NA	NA	NA
SAMN10220986	NA	1	NA	1	NA	5	NA	4	NA	NA	NA	NA	1	NA	1	NA	4	NA	3	NA	NA	NA
SAMN10220987	NA	2	2	4	5	25	31	1	1	20	NA	NA	1	1	1	1	10	15	1	1	18	NA
SAMN10221005	NA	1	NA	NA	3	11	1	1	NA	18	NA	NA	1	NA	NA	1	10	1	1	NA	18	NA
SAMN10221008	NA	1	NA	NA	1	10	NA	1	NA	NA	NA	NA	1	NA	NA	1	10	NA	1	NA	NA	NA
SAMN10221010	NA	2	NA	1	1	11	15	NA	NA	NA	NA	NA	1	NA	1	1	10	15	NA	NA	NA	NA
SAMN10221011	NA	NA	NA	NA	NA	3	NA	NA	NA	NA	NA	NA	NA	NA	NA	NA	3	NA	NA	NA	NA	NA
SAMN10221013	NA	1	NA	2	1	10	15	3	NA	NA	NA	NA	1	NA	1	1	10	15	3	NA	NA	NA
SAMN10221016	NA	1	NA	NA	1	11	NA	NA	NA	NA	NA	NA	1	NA	NA	1	10	NA	NA	NA	NA	NA
SAMN10221017	1	1	NA	1	2	12	15	3	NA	NA	NA	1	1	NA	1	1	10	15	3	NA	NA	NA
SAMN10221019	NA	1	NA	NA	3	14	NA	NA	1	NA	NA	NA	1	NA	NA	1	10	NA	NA	1	NA	NA
SAMN10221020	NA	1	NA	NA	1	11	NA	NA	NA	NA	NA	NA	1	NA	NA	1	10	NA	NA	NA	NA	NA
SAMN10221021	NA	1	1	3	2	21	19	NA	1	NA	NA	NA	1	1	1	1	12	14	NA	1	NA	NA
SAMN10221025	NA	1	NA	1	1	10	NA	NA	NA	NA	NA	NA	1	NA	1	1	10	NA	NA	NA	NA	NA
SAMN10221026	NA	1	NA	2	2	10	15	6	NA	NA	NA	NA	1	NA	1	1	10	15	6	NA	NA	NA
SAMN10221027	NA	1	NA	NA	1	12	NA	NA	NA	NA	NA	NA	1	NA	NA	1	10	NA	NA	NA	NA	NA
SAMN10221044	NA	NA	NA	2	NA	2	NA	1	NA	NA	NA	NA	NA	NA	1	NA	1	NA	1	NA	NA	NA
SAMN10221045	NA	1	NA	NA	1	10	NA	NA	NA	NA	NA	NA	1	NA	NA	1	10	NA	NA	NA	NA	NA
SAMN10221046	NA	1	NA	1	1	11	NA	NA	NA	NA	NA	NA	1	NA	1	1	10	NA	NA	NA	NA	NA
SAMN10221069	NA	NA	1	1	1	3	NA	6	1	NA	NA	NA	NA	1	1	1	3	NA	5	1	NA	NA
SAMN10221070	NA	1	NA	NA	1	10	NA	1	2	NA	NA	NA	1	NA	NA	1	10	NA	1	1	NA	NA
SAMN10221071	NA	NA	NA	1	1	NA	15	6	2	NA	NA	NA	NA	NA	1	1	NA	15	6	1	NA	NA
SAMN10221072	NA	NA	NA	1	1	1	NA	6	NA	NA	NA	NA	NA	NA	1	1	1	NA	6	NA	NA	NA
SAMN10221074	NA	1	NA	NA	1	11	NA	NA	NA	1	NA	NA	1	NA	NA	1	10	NA	NA	NA	1	NA
SAMN10221076	NA	1	NA	NA	1	10	NA	NA	NA	NA	NA	NA	1	NA	NA	1	10	NA	NA	NA	NA	NA
SAMN10221077	NA	NA	NA	1	1	1	NA	6	NA	NA	NA	NA	NA	NA	1	1	1	NA	6	NA	NA	NA
SAMN10221078	NA	1	NA	4	2	16	16	1	2	20	NA	NA	1	NA	1	1	10	15	1	1	18	NA
SAMN10221079	NA	1	NA	2	1	11	15	NA	NA	NA	NA	NA	1	NA	1	1	10	15	NA	NA	NA	NA
SAMN10221080	NA	3	NA	2	2	21	15	NA	NA	NA	NA	NA	1	NA	1	1	10	15	NA	NA	NA	NA
SAMN10221082	NA	2	NA	1	2	20	15	NA	NA	NA	NA	NA	1	NA	1	1	10	15	NA	NA	NA	NA
SAMN10221083	NA	1	NA	1	1	10	NA	NA	NA	NA	NA	NA	1	NA	1	1	10	NA	NA	NA	NA	NA
SAMN10221087	NA	1	NA	1	2	12	NA	7	NA	NA	NA	NA	1	NA	1	1	10	NA	6	NA	NA	NA
SAMN10221088	NA	1	NA	NA	1	11	NA	NA	NA	NA	NA	NA	1	NA	NA	1	10	NA	NA	NA	NA	NA
SAMN10221090	NA	NA	2	2	2	12	NA	6	NA	NA	NA	NA	NA	1	1	1	10	NA	5	NA	NA	NA
SAMN10221092	NA	1	NA	NA	2	10	NA	6	NA	NA	NA	NA	1	NA	NA	1	10	NA	6	NA	NA	NA
SAMN10221093	NA	NA	1	1	2	12	NA	7	1	2	NA	NA	NA	1	1	1	10	NA	7	1	1	NA
SAMN10221096	NA	NA	NA	2	NA	1	3	2	2	2	NA	NA	NA	NA	1	NA	1	3	2	1	2	NA
SAMN10221097	NA	NA	NA	1	1	1	NA	7	NA	NA	NA	NA	NA	NA	1	1	1	NA	6	NA	NA	NA
SAMN10221103	NA	1	NA	NA	1	10	NA	NA	NA	NA	NA	NA	1	NA	NA	1	10	NA	NA	NA	NA	NA
SAMN10221106	NA	1	NA	1	1	11	15	NA	NA	NA	NA	NA	1	NA	1	1	10	15	NA	NA	NA	NA
SAMN10221107	NA	1	NA	1	1	10	NA	NA	NA	NA	NA	NA	1	NA	1	1	10	NA	NA	NA	NA	NA
SAMN10221118	NA	1	NA	1	2	11	15	5	NA	NA	NA	NA	1	NA	1	1	10	15	5	NA	NA	NA
SAMN10221120	NA	1	NA	1	3	10	1	10	NA	18	NA	NA	1	NA	1	1	10	1	6	NA	18	NA
SAMN10221122	NA	1	NA	1	1	11	15	NA	1	NA	NA	NA	1	NA	1	1	10	15	NA	1	NA	NA
SAMN10221123	NA	1	NA	1	1	12	14	NA	1	1	NA	NA	1	NA	1	1	10	14	NA	1	1	NA
SAMN10221124	NA	1	NA	NA	1	10	NA	NA	NA	NA	NA	NA	1	NA	NA	1	10	NA	NA	NA	NA	NA
SAMN10221125	NA	1	1	1	1	13	NA	NA	1	NA	NA	NA	1	1	1	1	10	NA	NA	1	NA	NA
SAMN10221126	NA	1	NA	NA	1	11	NA	NA	NA	NA	NA	NA	1	NA	NA	1	10	NA	NA	NA	NA	NA
SAMN10221127	NA	1	NA	NA	1	11	NA	NA	1	NA	NA	NA	1	NA	NA	1	10	NA	NA	1	NA	NA
SAMN10221130	NA	1	1	1	2	11	NA	4	NA	NA	NA	NA	1	1	1	1	10	NA	4	NA	NA	NA
SAMN10221132	NA	1	NA	2	1	13	15	3	NA	1	NA	NA	1	NA	1	1	10	15	3	NA	1	NA
SAMN10221138	NA	1	NA	NA	1	10	NA	1	NA	NA	NA	NA	1	NA	NA	1	10	NA	1	NA	NA	NA
SAMN10221141	NA	1	NA	NA	NA	2	NA	1	1	NA	NA	NA	1	NA	NA	NA	2	NA	1	1	NA	NA
SAMN10221142	NA	1	NA	NA	1	12	NA	NA	NA	NA	NA	NA	1	NA	NA	1	10	NA	NA	NA	NA	NA
SAMN10221144	NA	NA	1	2	1	5	22	2	2	21	NA	NA	NA	1	1	1	1	14	2	1	18	NA
SAMN10221145	NA	1	NA	NA	1	10	NA	NA	NA	NA	NA	NA	1	NA	NA	1	10	NA	NA	NA	NA	NA
SAMN10221146	NA	1	NA	1	1	11	15	NA	1	NA	NA	NA	1	NA	1	1	10	15	NA	1	NA	NA
SAMN10221148	NA	NA	NA	1	1	NA	NA	10	2	NA	NA	NA	NA	NA	1	1	NA	NA	6	1	NA	NA
SAMN10221150	NA	NA	1	3	1	10	15	NA	NA	NA	NA	NA	NA	1	1	1	9	15	NA	NA	NA	NA
SAMN10221151	NA	1	NA	2	2	10	NA	5	NA	NA	NA	NA	1	NA	1	1	10	NA	4	NA	NA	NA
SAMN10221152	NA	NA	NA	NA	1	6	NA	NA	NA	NA	NA	NA	NA	NA	NA	1	6	NA	NA	NA	NA	NA
SAMN10221153	NA	1	NA	NA	1	11	NA	NA	NA	NA	NA	NA	1	NA	NA	1	10	NA	NA	NA	NA	NA
SAMN10221154	NA	1	NA	2	2	10	NA	6	NA	NA	NA	NA	1	NA	1	1	10	NA	6	NA	NA	NA
SAMN10221155	NA	1	NA	NA	2	10	NA	6	NA	NA	NA	NA	1	NA	NA	1	10	NA	6	NA	NA	NA
SAMN10221157	NA	2	NA	NA	2	20	NA	NA	NA	NA	NA	NA	1	NA	NA	1	10	NA	NA	NA	NA	NA
SAMN10221158	NA	NA	NA	NA	NA	1	NA	NA	NA	NA	NA	NA	NA	NA	NA	NA	1	NA	NA	NA	NA	NA
SAMN10221160	1	1	NA	NA	4	15	NA	4	NA	NA	NA	1	1	NA	NA	1	11	NA	4	NA	NA	NA
SAMN10221162	NA	1	NA	NA	1	10	NA	1	NA	NA	NA	NA	1	NA	NA	1	10	NA	1	NA	NA	NA
SAMN10221164	1	1	NA	1	2	11	15	4	NA	NA	NA	1	1	NA	1	1	10	15	4	NA	NA	NA
SAMN10221165	NA	1	NA	NA	1	12	NA	4	NA	NA	NA	NA	1	NA	NA	1	10	NA	4	NA	NA	NA
SAMN10221166	NA	1	NA	2	1	11	15	NA	3	NA	NA	NA	1	NA	1	1	10	15	NA	1	NA	NA
SAMN10221167	NA	1	NA	1	1	10	15	NA	1	NA	NA	NA	1	NA	1	1	10	15	NA	1	NA	NA
SAMN10221190	NA	NA	NA	NA	NA	6	NA	1	NA	NA	NA	NA	NA	NA	NA	NA	3	NA	1	NA	NA	NA
SAMN10221191	NA	3	NA	1	NA	2	NA	1	NA	NA	NA	NA	1	NA	1	NA	1	NA	1	NA	NA	NA
SAMN10221192	NA	NA	NA	NA	1	5	NA	5	NA	NA	NA	NA	NA	NA	NA	1	4	NA	5	NA	NA	NA
SAMN10221193	NA	1	1	NA	2	23	NA	4	NA	NA	NA	NA	1	1	NA	1	12	NA	4	NA	NA	NA
SAMN10221196	NA	1	NA	NA	1	10	NA	1	2	NA	NA	NA	1	NA	NA	1	10	NA	1	1	NA	NA
SAMN10221197	NA	2	NA	3	2	23	15	4	1	NA	NA	NA	1	NA	1	1	11	15	3	1	NA	NA
SAMN10221199	NA	1	NA	1	1	12	15	NA	NA	NA	NA	NA	1	NA	1	1	10	15	NA	NA	NA	NA
SAMN10221200	NA	NA	NA	NA	NA	NA	NA	1	NA	NA	NA	NA	NA	NA	NA	NA	NA	NA	1	NA	NA	NA
SAMN10221202	NA	1	NA	NA	1	12	NA	NA	NA	NA	NA	NA	1	NA	NA	1	10	NA	NA	NA	NA	NA
SAMN10221205	NA	NA	1	NA	NA	3	NA	1	NA	NA	NA	NA	NA	1	NA	NA	1	NA	1	NA	NA	NA
SAMN10221226	NA	1	NA	2	1	11	NA	NA	NA	NA	NA	NA	1	NA	1	1	10	NA	NA	NA	NA	NA
SAMN10221227	NA	3	1	1	3	33	15	4	NA	NA	NA	NA	1	1	1	1	12	15	4	NA	NA	NA
SAMN10221236	NA	1	NA	1	1	12	15	NA	NA	NA	NA	NA	1	NA	1	1	10	15	NA	NA	NA	NA
SAMN10221239	NA	1	NA	NA	1	10	NA	NA	NA	NA	NA	NA	1	NA	NA	1	10	NA	NA	NA	NA	NA
SAMN10221240	NA	1	NA	NA	1	11	NA	NA	1	NA	NA	NA	1	NA	NA	1	10	NA	NA	1	NA	NA
SAMN10221243	NA	NA	NA	1	NA	2	NA	NA	NA	NA	NA	NA	NA	NA	1	NA	1	NA	NA	NA	NA	NA
SAMN10221244	NA	NA	NA	2	NA	NA	15	NA	NA	NA	NA	NA	NA	NA	1	NA	NA	15	NA	NA	NA	NA
SAMN10221246	NA	NA	NA	2	NA	NA	NA	NA	NA	NA	NA	NA	NA	NA	1	NA	NA	NA	NA	NA	NA	NA
SAMN10221247	NA	NA	NA	NA	1	7	NA	NA	NA	NA	NA	NA	NA	NA	NA	1	6	NA	NA	NA	NA	NA
SAMN10221248	NA	2	NA	1	2	19	NA	1	NA	NA	NA	NA	1	NA	1	1	10	NA	1	NA	NA	NA
SAMN10221253	NA	NA	NA	NA	NA	1	NA	1	NA	NA	NA	NA	NA	NA	NA	NA	1	NA	1	NA	NA	NA
SAMN10221254	NA	1	NA	1	2	12	NA	6	NA	NA	NA	NA	1	NA	1	1	10	NA	6	NA	NA	NA
SAMN10221258	NA	1	NA	NA	1	11	NA	NA	NA	NA	NA	NA	1	NA	NA	1	10	NA	NA	NA	NA	NA
SAMN10221260	NA	1	NA	1	1	14	NA	1	NA	NA	NA	NA	1	NA	1	1	10	NA	1	NA	NA	NA
SAMN10221261	NA	1	NA	NA	1	11	NA	1	NA	NA	NA	NA	1	NA	NA	1	10	NA	1	NA	NA	NA
SAMN10221263	NA	1	1	NA	NA	5	NA	1	NA	NA	NA	NA	1	1	NA	NA	4	NA	1	NA	NA	NA
SAMN10221265	NA	1	NA	NA	2	11	NA	1	NA	18	NA	NA	1	NA	NA	1	10	NA	1	NA	18	NA
SAMN10221280	NA	NA	1	1	1	5	16	2	NA	11	NA	NA	NA	1	1	1	3	15	2	NA	11	NA
SAMN10221282	NA	1	NA	NA	1	10	NA	1	1	NA	NA	NA	1	NA	NA	1	10	NA	1	1	NA	NA
SAMN10221284	NA	1	NA	NA	1	10	NA	NA	NA	NA	NA	NA	1	NA	NA	1	10	NA	NA	NA	NA	NA
SAMN10221286	NA	3	NA	NA	2	24	NA	6	2	NA	NA	NA	1	NA	NA	1	11	NA	6	1	NA	NA
SAMN10221287	NA	2	NA	1	2	23	NA	2	1	NA	NA	NA	1	NA	1	1	11	NA	1	1	NA	NA
SAMN10221291	NA	NA	1	1	NA	NA	NA	1	NA	NA	NA	NA	NA	1	1	NA	NA	NA	1	NA	NA	NA
SAMN10221292	NA	NA	1	3	1	5	15	2	2	24	NA	NA	NA	1	1	1	1	15	2	1	18	NA
SAMN10221296	NA	NA	NA	1	NA	2	NA	1	1	NA	NA	NA	NA	NA	1	NA	1	NA	1	1	NA	NA
SAMN10221297	NA	NA	NA	3	1	4	15	2	2	29	NA	NA	NA	NA	1	1	1	15	2	1	17	NA
SAMN10221316	NA	2	NA	NA	2	20	NA	NA	NA	NA	NA	NA	1	NA	NA	1	10	NA	NA	NA	NA	NA
SAMN10221317	NA	1	NA	NA	1	12	NA	NA	NA	NA	NA	NA	1	NA	NA	1	10	NA	NA	NA	NA	NA
SAMN10221318	NA	1	NA	NA	2	11	NA	6	NA	NA	NA	NA	1	NA	NA	1	10	NA	6	NA	NA	NA
SAMN10221319	NA	1	NA	1	2	10	NA	7	NA	NA	NA	NA	1	NA	1	1	10	NA	6	NA	NA	NA
SAMN10221321	NA	1	1	1	1	10	NA	2	1	NA	NA	NA	1	1	1	1	10	NA	2	1	NA	NA
SAMN10221323	NA	1	NA	NA	1	10	NA	2	NA	NA	NA	NA	1	NA	NA	1	10	NA	2	NA	NA	NA
SAMN10221325	NA	1	NA	1	2	11	NA	6	1	NA	NA	NA	1	NA	1	1	10	NA	6	1	NA	NA
SAMN10221327	NA	NA	NA	NA	NA	NA	NA	NA	2	NA	NA	NA	NA	NA	NA	NA	NA	NA	NA	1	NA	NA
SAMN10221328	NA	NA	NA	1	NA	NA	NA	NA	NA	NA	NA	NA	NA	NA	1	NA	NA	NA	NA	NA	NA	NA
SAMN10221329	NA	1	NA	NA	1	11	NA	NA	NA	NA	NA	NA	1	NA	NA	1	10	NA	NA	NA	NA	NA
SAMN10221337	NA	1	NA	1	1	11	15	2	3	NA	NA	NA	1	NA	1	1	10	15	2	1	NA	NA
SAMN10221349	NA	1	NA	NA	3	11	1	2	1	36	NA	NA	1	NA	NA	1	10	1	1	1	18	NA
SAMN10221356	NA	1	NA	NA	1	13	NA	NA	NA	NA	NA	NA	1	NA	NA	1	10	NA	NA	NA	NA	NA
SAMN10221357	NA	NA	1	1	2	11	NA	8	1	NA	NA	NA	NA	1	1	1	9	NA	7	1	NA	NA
SAMN10221358	NA	1	NA	1	1	11	NA	NA	NA	NA	NA	NA	1	NA	1	1	10	NA	NA	NA	NA	NA
SAMN10221361	NA	1	NA	NA	1	10	NA	NA	NA	NA	NA	NA	1	NA	NA	1	10	NA	NA	NA	NA	NA
SAMN10221363	NA	2	1	2	5	23	12	6	NA	14	NA	NA	1	1	1	1	10	12	6	NA	14	NA
SAMN10221364	NA	1	NA	NA	1	10	NA	NA	NA	NA	NA	NA	1	NA	NA	1	10	NA	NA	NA	NA	NA
SAMN10221366	1	1	NA	NA	2	10	NA	4	NA	NA	NA	1	1	NA	NA	1	10	NA	4	NA	NA	NA
SAMN10221367	NA	1	NA	2	2	10	NA	6	NA	NA	NA	NA	1	NA	1	1	10	NA	6	NA	NA	NA
SAMN10221388	NA	NA	1	NA	NA	3	NA	1	NA	NA	NA	NA	NA	1	NA	NA	1	NA	1	NA	NA	NA
SAMN10221389	NA	1	NA	1	2	13	15	1	NA	23	NA	NA	1	NA	1	1	10	15	1	NA	18	NA
SAMN10221391	NA	1	NA	2	1	10	NA	NA	NA	NA	NA	NA	1	NA	1	1	10	NA	NA	NA	NA	NA
SAMN10221393	NA	NA	1	1	NA	3	NA	1	NA	NA	NA	NA	NA	1	1	NA	1	NA	1	NA	NA	NA
SAMN10221397	NA	1	NA	1	3	NA	NA	12	NA	NA	NA	NA	1	NA	1	1	NA	NA	6	NA	NA	NA
SAMN10221403	NA	1	NA	NA	2	21	NA	NA	NA	NA	NA	NA	1	NA	NA	1	10	NA	NA	NA	NA	NA
SAMN10221410	NA	1	NA	2	1	10	12	NA	NA	NA	NA	NA	1	NA	1	1	10	12	NA	NA	NA	NA
SAMN10221413	NA	1	NA	1	1	11	NA	NA	2	NA	NA	NA	1	NA	1	1	10	NA	NA	1	NA	NA
SAMN10221414	NA	1	1	1	1	6	16	2	NA	18	NA	NA	1	1	1	1	5	15	2	NA	18	NA
SAMN10221428	NA	1	NA	1	2	11	15	6	NA	NA	NA	NA	1	NA	1	1	10	15	6	NA	NA	NA
SAMN10221429	1	1	NA	1	2	12	15	9	NA	NA	NA	1	1	NA	1	1	10	15	6	NA	NA	NA
SAMN10221431	NA	NA	2	NA	2	10	NA	10	NA	NA	NA	NA	NA	1	NA	1	9	NA	8	NA	NA	NA
SAMN10221432	NA	NA	NA	1	1	NA	NA	5	NA	NA	NA	NA	NA	NA	1	1	NA	NA	5	NA	NA	NA
SAMN10221435	NA	1	NA	NA	1	10	NA	NA	NA	NA	NA	NA	1	NA	NA	1	10	NA	NA	NA	NA	NA
SAMN10221437	NA	1	NA	NA	1	10	NA	NA	NA	NA	NA	NA	1	NA	NA	1	10	NA	NA	NA	NA	NA
SAMN10221439	NA	NA	NA	1	NA	2	NA	NA	NA	NA	NA	NA	NA	NA	1	NA	1	NA	NA	NA	NA	NA
SAMN10221440	NA	1	NA	1	3	12	NA	12	NA	NA	NA	NA	1	NA	1	1	10	NA	8	NA	NA	NA
SAMN10221441	NA	1	NA	1	1	11	15	1	1	NA	NA	NA	1	NA	1	1	10	15	1	1	NA	NA
SAMN10221442	NA	1	NA	NA	1	12	NA	NA	NA	NA	NA	NA	1	NA	NA	1	10	NA	NA	NA	NA	NA
SAMN10221444	NA	NA	NA	1	NA	NA	NA	2	4	NA	NA	NA	NA	NA	1	NA	NA	NA	2	1	NA	NA
SAMN10221445	NA	1	NA	3	2	10	NA	8	1	NA	NA	NA	1	NA	1	1	10	NA	7	1	NA	NA
SAMN10221446	1	1	NA	NA	2	10	NA	4	NA	NA	NA	1	1	NA	NA	1	10	NA	4	NA	NA	NA
SAMN10221447	NA	1	NA	3	1	12	15	4	NA	NA	NA	NA	1	NA	1	1	10	15	3	NA	NA	NA
SAMN10221451	NA	1	NA	2	1	12	15	NA	1	NA	NA	NA	1	NA	1	1	10	15	NA	1	NA	NA
SAMN10221452	NA	3	NA	NA	1	19	NA	2	1	18	NA	NA	1	NA	NA	1	11	NA	2	1	18	NA
SAMN10221453	NA	2	NA	2	2	22	NA	3	NA	NA	NA	NA	1	NA	1	1	10	NA	3	NA	NA	NA
SAMN10221454	NA	1	1	NA	1	12	NA	2	1	NA	NA	NA	1	1	NA	1	10	NA	2	1	NA	NA
SAMN10221455	NA	1	NA	3	1	13	15	3	2	NA	NA	NA	1	NA	1	1	10	15	3	1	NA	NA
SAMN10221457	NA	1	NA	NA	1	3	NA	NA	NA	NA	NA	NA	1	NA	NA	1	3	NA	NA	NA	NA	NA
SAMN10221459	NA	1	NA	NA	1	11	NA	NA	1	NA	NA	NA	1	NA	NA	1	10	NA	NA	1	NA	NA
SAMN10221462	NA	NA	NA	1	2	NA	NA	8	1	18	NA	NA	NA	NA	1	1	NA	NA	6	1	18	NA
SAMN10221463	NA	1	NA	2	1	11	15	1	1	NA	NA	NA	1	NA	1	1	10	15	1	1	NA	NA
SAMN10221467	NA	NA	NA	1	1	NA	NA	7	1	NA	NA	NA	NA	NA	1	1	NA	NA	6	1	NA	NA
SAMN10221468	NA	1	NA	1	3	11	NA	12	NA	NA	NA	NA	1	NA	1	1	10	NA	8	NA	NA	NA
SAMN10221469	NA	2	NA	NA	NA	18	1	NA	NA	NA	NA	NA	1	NA	NA	NA	10	1	NA	NA	NA	NA
SAMN10221471	NA	NA	1	2	1	10	15	1	NA	NA	NA	NA	NA	1	1	1	9	15	1	NA	NA	NA
SAMN10221476	NA	1	NA	NA	1	11	NA	NA	NA	NA	NA	NA	1	NA	NA	1	10	NA	NA	NA	NA	NA
SAMN10221477	NA	1	NA	NA	1	10	NA	NA	NA	NA	NA	NA	1	NA	NA	1	10	NA	NA	NA	NA	NA
SAMN10221478	NA	1	NA	NA	1	11	NA	NA	NA	NA	NA	NA	1	NA	NA	1	10	NA	NA	NA	NA	NA
SAMN10221479	NA	1	NA	NA	1	11	NA	NA	NA	NA	NA	NA	1	NA	NA	1	10	NA	NA	NA	NA	NA
SAMN10221480	NA	2	NA	2	3	22	15	6	NA	NA	NA	NA	1	NA	1	1	11	15	6	NA	NA	NA
SAMN10221482	NA	NA	NA	1	NA	NA	NA	NA	NA	NA	NA	NA	NA	NA	1	NA	NA	NA	NA	NA	NA	NA
SAMN10221483	NA	1	NA	1	2	11	NA	6	NA	NA	NA	NA	1	NA	1	1	10	NA	6	NA	NA	NA
SAMN10221486	NA	1	NA	3	1	10	15	1	NA	NA	NA	NA	1	NA	1	1	10	15	1	NA	NA	NA
SAMN10221490	NA	1	NA	1	2	11	NA	NA	NA	NA	NA	NA	1	NA	1	1	10	NA	NA	NA	NA	NA
SAMN10221491	NA	1	NA	NA	1	10	NA	NA	NA	NA	NA	NA	1	NA	NA	1	10	NA	NA	NA	NA	NA
SAMN10221512	NA	1	NA	1	1	10	NA	NA	NA	NA	NA	NA	1	NA	1	1	10	NA	NA	NA	NA	NA
SAMN10221526	NA	1	NA	1	1	10	15	NA	NA	NA	NA	NA	1	NA	1	1	10	15	NA	NA	NA	NA
SAMN10221528	NA	NA	NA	1	NA	NA	1	1	1	NA	NA	NA	NA	NA	1	NA	NA	1	1	1	NA	NA
SAMN10221529	NA	1	NA	1	1	12	NA	2	NA	NA	NA	NA	1	NA	1	1	10	NA	2	NA	NA	NA
SAMN10221531	NA	1	NA	NA	NA	4	NA	1	NA	NA	NA	NA	1	NA	NA	NA	4	NA	1	NA	NA	NA
SAMN10221534	NA	1	1	2	3	21	15	7	NA	1	NA	NA	1	1	1	1	12	15	6	NA	1	NA
SAMN10221536	NA	1	NA	NA	1	11	NA	NA	2	NA	NA	NA	1	NA	NA	1	10	NA	NA	1	NA	NA
SAMN10221537	NA	NA	NA	NA	1	NA	NA	8	1	NA	NA	NA	NA	NA	NA	1	NA	NA	6	1	NA	NA
SAMN10221548	NA	1	NA	1	1	10	15	NA	1	NA	NA	NA	1	NA	1	1	10	15	NA	1	NA	NA
SAMN10221549	NA	2	NA	NA	3	20	NA	1	NA	NA	NA	NA	1	NA	NA	1	11	NA	1	NA	NA	NA
SAMN10221551	NA	1	NA	NA	3	10	NA	7	NA	NA	NA	NA	1	NA	NA	1	10	NA	6	NA	NA	NA
SAMN10221552	NA	1	NA	NA	2	13	NA	1	1	21	NA	NA	1	NA	NA	1	10	NA	1	1	18	NA
SAMN10221553	NA	1	NA	NA	1	10	NA	NA	NA	NA	NA	NA	1	NA	NA	1	10	NA	NA	NA	NA	NA
SAMN10221557	NA	1	NA	NA	1	11	NA	NA	1	NA	NA	NA	1	NA	NA	1	10	NA	NA	1	NA	NA
SAMN10221579	NA	2	NA	1	1	22	NA	7	NA	NA	NA	NA	1	NA	1	1	11	NA	6	NA	NA	NA
SAMN10221580	NA	1	NA	NA	1	10	NA	1	NA	NA	NA	NA	1	NA	NA	1	10	NA	1	NA	NA	NA
SAMN10221581	NA	1	NA	NA	1	10	NA	NA	NA	NA	NA	NA	1	NA	NA	1	10	NA	NA	NA	NA	NA
SAMN10221583	NA	1	NA	NA	2	11	NA	5	NA	1	NA	NA	1	NA	NA	1	10	NA	5	NA	1	NA
SAMN10221586	NA	1	NA	NA	2	13	NA	7	1	NA	NA	NA	1	NA	NA	1	10	NA	6	1	NA	NA
SAMN10221588	NA	3	1	1	3	29	15	NA	1	NA	NA	NA	1	1	1	1	12	15	NA	1	NA	NA
SAMN10221589	NA	1	NA	NA	1	10	NA	NA	2	NA	NA	NA	1	NA	NA	1	10	NA	NA	1	NA	NA
SAMN10221590	NA	1	NA	NA	3	16	NA	6	NA	NA	NA	NA	1	NA	NA	1	11	NA	6	NA	NA	NA
SAMN10221593	NA	1	NA	NA	1	10	NA	NA	1	NA	NA	NA	1	NA	NA	1	10	NA	NA	1	NA	NA
SAMN10221594	NA	1	NA	1	1	11	NA	NA	NA	NA	NA	NA	1	NA	1	1	10	NA	NA	NA	NA	NA
SAMN10221597	NA	NA	NA	NA	1	1	NA	1	NA	NA	NA	NA	NA	NA	NA	1	1	NA	1	NA	NA	NA
SAMN10221608	NA	1	NA	1	1	11	15	1	1	NA	NA	NA	1	NA	1	1	10	15	1	1	NA	NA
SAMN10221610	NA	NA	NA	NA	NA	1	NA	NA	NA	NA	NA	NA	NA	NA	NA	NA	1	NA	NA	NA	NA	NA
SAMN10221612	NA	NA	NA	1	1	NA	NA	7	1	NA	NA	NA	NA	NA	1	1	NA	NA	6	1	NA	NA
SAMN10221613	NA	3	NA	NA	4	17	NA	1	NA	NA	NA	NA	1	NA	NA	1	10	NA	1	NA	NA	NA
SAMN10221615	NA	1	NA	NA	1	11	NA	NA	NA	NA	NA	NA	1	NA	NA	1	10	NA	NA	NA	NA	NA
SAMN10221620	NA	1	NA	2	1	11	15	NA	NA	NA	NA	NA	1	NA	1	1	10	15	NA	NA	NA	NA
SAMN10221624	NA	NA	NA	1	2	1	NA	9	2	NA	NA	NA	NA	NA	1	1	1	NA	7	1	NA	NA
SAMN10221625	1	1	NA	NA	1	6	NA	5	NA	NA	NA	1	1	NA	NA	1	6	NA	5	NA	NA	NA
SAMN10221626	NA	1	NA	1	1	10	NA	NA	NA	NA	NA	NA	1	NA	1	1	10	NA	NA	NA	NA	NA
SAMN10221627	NA	1	1	1	2	22	15	1	NA	NA	NA	NA	1	1	1	1	12	15	1	NA	NA	NA
SAMN10221650	NA	1	NA	1	2	12	NA	10	NA	NA	NA	NA	1	NA	1	1	10	NA	6	NA	NA	NA
SAMN10221653	NA	NA	NA	1	NA	NA	NA	NA	NA	NA	NA	NA	NA	NA	1	NA	NA	NA	NA	NA	NA	NA
SAMN10221654	NA	1	NA	1	1	14	15	NA	NA	NA	NA	NA	1	NA	1	1	10	15	NA	NA	NA	NA
SAMN10221655	NA	NA	NA	NA	NA	2	NA	NA	NA	NA	NA	NA	NA	NA	NA	NA	1	NA	NA	NA	NA	NA
SAMN10221656	NA	NA	NA	1	NA	NA	NA	NA	2	NA	NA	NA	NA	NA	1	NA	NA	NA	NA	1	NA	NA
SAMN10221659	1	1	NA	NA	1	10	NA	NA	1	NA	NA	1	1	NA	NA	1	10	NA	NA	1	NA	NA
SAMN10221661	NA	NA	1	1	2	9	NA	9	NA	NA	NA	NA	NA	1	1	1	9	NA	8	NA	NA	NA
SAMN10221662	NA	1	1	1	2	10	1	2	NA	18	NA	NA	1	1	1	1	10	1	2	NA	18	NA
SAMN10221663	NA	1	NA	2	2	12	15	6	NA	NA	NA	NA	1	NA	1	1	10	15	6	NA	NA	NA
SAMN10221665	NA	1	NA	NA	2	11	NA	7	NA	NA	NA	NA	1	NA	NA	1	10	NA	6	NA	NA	NA
SAMN10221666	NA	NA	NA	1	NA	4	5	1	NA	NA	NA	NA	NA	NA	1	NA	1	5	1	NA	NA	NA
SAMN10221667	NA	1	1	NA	2	22	NA	NA	NA	NA	NA	NA	1	1	NA	1	12	NA	NA	NA	NA	NA
